emissions,reading_date
0.078362,2026-01-25
0.444811,2026-01-31
0.408583,2025-12-06
0.245953,2025-11-30
0.186894,2025-10-17
0.195213,2025-09-16
0.258280,2026-01-27
0.223971,2025-08-22
0.151130,2026-02-02
0.142070,2025-09-02
0.477377,2025-10-15
0.076017,2025-11-16
0.407406,2025-12-30
0.072186,2025-10-03
0.054417,2025-11-30
0.247172,2026-01-10
0.146352,2025-11-10
0.287576,2025-09-21
0.080007,2025-09-06
0.102230,2025-11-09
0.468014,2025-12-02
0.057194,2025-12-20
0.190091,2026-01-09
0.464253,2025-09-13
0.028420,2025-09-08
0.016581,2025-10-23
0.479515,2026-01-07
0.486006,2025-11-05
0.481210,2026-01-24
0.057489,2026-01-30
0.454769,2025-12-05
0.471409,2025-09-05
0.219157,2025-08-23
0.385373,2026-01-20
0.297485,2026-01-20
0.165161,2025-12-28
0.073649,2025-12-13
0.483092,2025-10-13
0.417535,2025-09-11
0.220243,2025-09-25
0.481274,2026-01-28
0.230320,2026-01-19
0.162900,2025-10-18
0.186895,2025-09-22
0.433754,2025-10-03
0.073302,2025-12-11
0.060854,2025-11-03
0.445029,2025-12-05
0.322331,2025-09-26
0.161817,2025-11-20
0.426608,2025-11-17
0.138699,2025-11-19
0.249468,2025-10-21
0.384769,2025-10-01
0.204932,2025-12-08
0.336795,2025-11-26
0.265705,2025-11-15
0.200639,2025-11-03
0.286043,2025-12-21
0.310928,2026-01-12
0.414289,2025-09-11
0.440089,2025-10-12
0.387023,2025-10-22
0.483417,2026-01-01
0.077524,2026-02-05
0.041641,2026-01-10
0.348172,2025-08-23
0.144900,2025-10-29
0.057001,2026-01-08
0.342100,2025-08-29
0.200200,2025-08-26
0.140648,2025-11-09
0.388801,2025-12-01
0.154726,2025-09-11
0.434205,2025-11-15
0.300960,2025-11-17
0.172081,2025-11-22
0.042904,2025-12-13
0.135580,2025-11-22
0.183760,2025-08-26
0.304574,2025-09-20
0.403180,2025-10-31
0.367477,2025-09-26
0.319584,2026-01-07
0.029273,2025-09-05
0.016443,2025-09-21
0.054896,2025-10-03
0.315131,2025-11-15
0.383635,2026-01-30
0.060792,2025-10-11
0.487743,2025-10-05
0.289891,2025-12-18
0.281476,2025-10-19
0.047404,2026-01-17
0.279120,2026-01-02
0.249677,2025-09-03
0.081944,2025-11-18
0.384357,2026-02-01
0.165783,2025-12-04
0.203229,2026-02-01
0.086238,2025-09-05
0.155781,2025-11-06
0.418517,2025-12-01
0.410518,2025-10-16
0.021829,2025-11-22
0.073128,2026-01-28
0.101011,2025-12-16
0.131251,2025-12-19
0.339250,2025-09-03
0.387811,2025-09-18
0.447835,2026-01-20
0.055484,2025-09-07
0.071717,2025-12-08
0.428628,2025-10-31
0.354734,2025-10-17
0.137981,2025-09-12
0.103153,2025-09-21
0.225438,2025-12-31
0.410402,2025-11-06
0.266020,2025-12-11
0.112121,2025-12-08
0.272518,2026-02-12
0.154206,2025-09-23
0.262584,2026-02-03
0.086104,2026-01-15
0.461487,2025-10-30
0.350953,2025-11-22
0.289884,2025-11-08
0.081979,2026-01-10
0.404030,2025-11-26
0.322928,2025-12-25
0.408953,2025-10-01
0.472189,2025-10-12
0.069232,2025-10-22
0.030003,2025-10-24
0.257999,2026-01-26
0.310332,2025-11-09
0.257415,2025-09-26
0.210259,2025-11-29
0.345396,2025-10-15
0.138568,2025-08-25
0.213538,2026-01-22
0.330730,2025-10-25
0.110080,2025-10-22
0.162217,2025-08-21
0.410880,2025-12-05
0.405424,2025-08-28
0.463139,2026-02-11
0.093167,2025-11-11
0.266459,2026-02-11
0.249866,2025-09-08
0.121075,2025-11-08
0.144300,2025-10-06
0.123906,2026-01-14
0.311315,2025-09-14
0.222275,2026-01-19
0.205689,2025-10-17
0.152946,2025-10-27
0.488460,2025-11-05
0.450747,2025-09-30
0.322087,2025-10-08
0.261143,2025-09-19
0.439208,2025-10-25
0.475010,2026-01-10
0.417248,2025-09-25
0.011375,2025-10-11
0.480056,2025-10-11
0.250736,2025-10-11
0.096250,2025-09-01
0.357532,2026-02-03
0.477732,2025-12-19
0.160052,2025-10-06
0.101187,2026-02-04
0.094932,2025-12-05
0.176828,2025-09-05
0.433345,2026-01-31
0.046358,2025-11-20
0.205985,2025-09-16
0.087991,2026-01-07
0.414553,2025-11-26
0.211383,2025-09-01
0.461174,2026-01-24
0.222811,2025-09-07
0.090661,2025-12-06
0.231380,2025-09-20
0.369601,2025-12-21
0.093989,2025-10-01
0.376649,2025-08-26
0.151309,2026-01-24
0.367334,2025-12-24
0.270976,2025-11-03
0.369532,2026-01-12
0.224241,2025-09-15
0.294304,2025-11-19
0.382536,2026-02-09
0.325668,2026-01-09
0.480255,2025-10-18
0.005064,2025-09-19
0.396921,2025-09-05
0.352911,2026-01-18
0.006416,2026-01-09
0.240523,2025-11-30
0.096200,2025-10-12
0.410681,2025-08-27
0.081452,2025-10-06
0.019627,2026-01-15
0.097938,2025-09-16
0.137860,2025-10-25
0.312996,2025-10-14
0.173042,2026-01-26
0.193565,2026-01-04
0.336310,2025-08-19
0.003744,2026-01-14
0.373405,2026-01-27
0.108663,2025-09-10
0.150065,2025-10-20
0.161769,2025-10-02
0.118261,2025-12-25
0.260691,2025-09-18
0.282773,2025-12-14
0.485123,2025-09-07
0.420492,2026-01-29
0.147969,2026-02-09
0.324693,2025-09-28
0.409858,2026-01-26
0.379304,2025-11-16
0.367335,2025-10-19
0.084161,2025-10-26
0.317442,2026-01-06
0.296786,2025-10-13
0.121216,2025-12-16
0.295071,2025-11-02
0.417706,2025-12-20
0.424425,2025-12-16
0.051860,2025-10-07
0.160470,2025-08-31
0.176391,2025-10-30
0.318818,2025-09-16
0.382494,2025-12-22
0.398680,2025-11-21
0.414044,2025-11-23
0.313510,2026-02-10
0.410869,2025-12-12
0.011836,2025-10-16
0.285615,2025-12-03
0.492693,2026-01-18
0.396972,2025-09-13
0.159721,2025-09-22
0.160654,2025-10-26
0.384715,2026-02-06
0.144123,2025-08-26
0.055046,2026-02-04
0.273219,2026-01-09
0.091708,2026-02-12
0.471933,2025-08-31
0.169797,2025-09-30
0.484171,2025-12-09
0.104119,2025-11-03
0.489606,2025-12-31
0.404771,2025-12-19
0.059589,2025-12-16
0.451067,2025-10-05
0.003505,2025-12-04
0.012921,2025-08-25
0.052578,2025-10-25
0.056008,2025-10-29
0.437502,2026-01-19
0.224536,2025-12-30
0.160929,2025-09-29
0.021191,2025-10-24
0.109829,2025-10-14
0.456719,2026-01-06
0.393530,2025-08-27
0.372356,2026-02-02
0.214109,2025-12-20
0.259649,2025-10-10
0.446321,2026-01-11
0.290543,2025-11-07
0.130356,2025-10-20
0.151389,2025-10-03
0.427971,2025-09-30
0.167251,2025-09-10
0.141765,2026-01-27
0.292740,2025-08-20
0.332085,2025-12-23
0.464016,2025-08-17
0.310906,2025-12-18
0.474216,2025-11-04
0.138068,2025-10-18
0.472418,2025-12-13
0.359252,2025-09-24
0.211414,2026-01-21
0.357330,2025-09-22
0.338544,2025-09-25
0.361344,2026-01-29
0.079783,2025-10-10
0.024200,2025-11-29
0.270629,2025-09-28
0.260568,2025-12-05
0.419551,2025-11-14
0.175134,2026-01-07
0.131911,2026-02-06
0.033800,2025-12-13
0.091856,2026-01-23
0.477427,2025-11-17
0.395863,2026-01-30
0.233794,2025-11-04
0.295894,2025-12-23
0.367157,2025-08-30
0.327183,2025-08-24
0.098991,2025-10-29
0.030130,2025-09-03
0.273931,2025-09-18
0.380508,2025-09-27
0.423629,2025-12-17
0.325006,2026-01-10
0.312608,2025-10-03
0.478160,2025-10-10
0.123446,2025-11-01
0.408326,2026-02-02
0.488326,2025-11-02
0.424192,2025-12-15
0.166519,2026-01-23
0.001084,2025-08-24
0.366131,2025-11-23
0.480296,2025-09-24
0.407617,2025-12-24
0.416469,2025-12-16
0.033760,2026-01-31
0.276326,2025-10-15
0.348934,2025-11-23
0.085210,2025-12-16
0.029469,2025-09-13
0.073435,2025-09-22
0.073100,2026-02-05
0.299500,2025-11-08
0.387350,2025-10-09
0.046154,2025-12-18
0.155484,2025-09-29
0.292665,2025-11-16
0.045833,2025-12-16
0.028178,2025-09-01
0.011757,2025-11-15
0.385956,2025-10-02
0.477941,2025-09-19
0.257809,2026-01-18
0.295906,2025-12-26
0.086387,2025-09-07
0.366898,2025-12-07
0.459840,2025-09-21
0.320426,2026-01-26
0.492589,2025-11-03
0.168969,2026-02-09
0.019451,2025-09-05
0.041498,2026-02-09
0.035687,2025-11-03
0.184059,2025-10-12
0.131862,2025-09-29
0.095022,2026-01-08
0.290420,2026-02-07
0.074232,2025-11-21
0.223278,2025-11-16
0.393942,2025-11-02
0.236798,2025-09-20
0.408687,2025-11-11
0.359937,2025-11-19
0.268202,2026-01-13
0.090171,2025-09-09
0.409808,2025-08-21
0.062830,2025-12-02
0.198084,2026-02-12
0.291132,2025-12-04
0.474723,2025-10-15
0.245722,2025-11-13
0.277016,2026-01-31
0.165541,2026-01-16
0.355840,2025-10-30
0.095989,2025-09-02
0.052511,2025-11-11
0.342430,2025-10-01
0.204210,2025-08-18
0.428186,2025-08-29
0.120637,2026-01-20
0.358078,2026-01-19
0.170581,2025-11-06
0.464579,2025-08-19
0.305176,2025-09-10
0.099051,2025-12-12
0.381656,2026-01-14
0.343664,2025-12-08
0.484268,2025-09-23
0.334480,2025-08-27
0.039028,2025-09-03
0.354023,2025-11-21
0.360374,2025-11-21
0.450149,2025-08-28
0.156832,2025-10-06
0.159229,2025-11-02
0.240728,2025-10-06
0.090873,2026-02-06
0.335153,2025-10-10
0.169307,2025-10-13
0.143981,2026-02-09
0.476549,2025-12-18
0.281312,2025-09-07
0.362757,2025-09-29
0.454965,2026-01-17
0.375120,2025-12-11
0.454708,2025-10-09
0.346826,2025-11-01
0.103162,2025-10-15
0.332648,2025-09-11
0.209751,2025-11-30
0.262647,2026-01-21
0.217613,2025-10-10
0.449493,2025-09-05
0.087196,2025-09-13
0.100016,2025-08-22
0.358290,2025-12-12
0.102183,2026-02-12
0.100643,2026-02-03
0.348241,2025-09-23
0.445891,2025-10-03
0.358839,2026-01-09
0.056634,2026-01-05
0.107439,2025-10-20
0.322591,2025-11-08
0.306590,2026-01-20
0.160843,2025-09-07
0.457303,2026-01-01
0.316598,2026-01-05
0.261542,2025-11-29
0.251002,2026-01-05
0.307556,2025-09-28
0.420742,2026-01-08
0.032396,2025-09-20
0.380651,2025-09-02
0.046217,2025-08-24
0.322403,2025-12-15
0.213167,2025-12-30
0.196557,2026-01-02
0.138976,2025-09-12
0.446805,2025-11-13
0.395259,2026-01-29
0.196994,2025-10-20
0.490535,2025-09-04
0.130721,2025-10-29
0.465392,2025-09-16
0.384267,2025-12-04
0.043244,2025-12-05
0.373201,2025-09-05
0.414043,2025-10-24
0.410251,2025-11-25
0.178648,2025-08-25
0.236665,2025-08-30
0.293740,2025-10-13
0.154340,2025-09-17
0.119842,2025-08-18
0.182439,2025-10-12
0.133290,2025-09-02
0.035436,2025-12-03
0.284313,2025-11-18
0.385244,2025-08-27
0.240862,2026-01-07
0.111035,2025-11-07
0.312523,2025-10-26
0.176033,2026-01-04
0.413216,2025-10-03
0.375480,2025-12-04
0.429854,2025-12-28
0.125855,2025-12-14
0.413794,2025-11-13
0.032596,2025-10-16
0.372651,2025-11-24
0.007081,2025-10-14
0.247020,2025-08-28
0.445447,2026-01-10
0.445371,2025-10-10
0.042819,2025-11-04
0.419626,2025-08-25
0.421893,2025-08-18
0.283759,2025-08-28
0.371710,2025-11-07
0.029786,2025-12-25
0.010983,2026-02-09
0.194641,2025-10-28
0.277237,2025-09-04
0.167877,2025-11-27
0.111546,2025-12-07
0.137143,2025-11-10
0.292807,2026-01-10
0.004085,2025-09-17
0.029946,2025-10-01
0.340023,2025-09-30
0.368373,2025-09-13
0.396242,2025-11-09
0.255790,2025-10-10
0.481379,2025-12-02
0.437527,2026-01-05
0.325091,2026-01-21
0.391204,2026-01-06
0.158981,2025-12-03
0.243905,2025-08-20
0.425537,2025-09-21
0.030928,2025-10-17
0.294738,2026-01-05
0.277730,2025-10-03
0.099766,2025-09-19
0.494430,2025-09-24
0.014843,2026-01-11
0.257476,2026-01-08
0.389835,2026-02-09
0.208299,2026-02-09
0.043997,2025-08-31
0.348670,2025-11-03
0.034611,2025-12-27
0.383875,2025-10-03
0.107310,2025-09-01
0.037733,2026-01-14
0.147115,2025-09-30
0.248425,2025-12-16
0.154072,2025-10-09
0.226845,2025-10-28
0.223253,2026-01-21
0.336235,2025-11-03
0.318508,2026-01-29
0.411050,2025-12-11
0.209042,2025-08-28
0.082983,2025-12-29
0.288189,2025-11-24
0.474324,2025-11-07
0.420304,2025-09-30
0.091275,2025-11-02
0.454725,2025-12-24
0.013720,2025-12-03
0.050018,2025-12-27
0.287885,2025-11-28
0.092030,2025-08-20
0.391167,2025-08-19
0.330586,2026-01-06
0.418444,2025-12-30
0.215552,2025-10-01
0.176618,2025-10-09
0.260301,2026-01-03
0.199176,2025-10-05
0.299072,2025-11-19
0.044833,2025-09-27
0.116537,2025-10-26
0.470728,2025-12-10
0.169176,2025-09-06
0.177833,2025-10-24
0.282520,2025-08-29
0.211318,2025-08-28
0.317679,2025-09-12
0.271229,2025-11-29
0.050201,2026-01-16
0.441404,2026-01-22
0.369123,2025-12-31
0.020562,2026-01-09
0.456382,2025-12-09
0.169301,2025-10-09
0.161126,2026-01-27
0.485800,2025-10-17
0.120254,2025-11-16
0.269602,2025-12-22
0.268245,2026-01-14
0.042274,2025-09-16
0.433583,2025-12-12
0.427264,2025-12-10
0.157929,2025-09-07
0.105521,2025-09-12
0.354910,2025-12-15
0.237141,2025-11-28
0.249495,2025-09-18
0.437807,2025-10-13
0.374062,2025-10-26
0.100728,2026-01-02
0.007233,2026-01-17
0.401509,2025-10-01
0.382380,2026-02-05
0.457066,2025-11-12
0.192769,2025-10-14
0.139231,2025-12-20
0.463218,2025-12-09
0.060334,2025-08-28
0.494540,2025-10-24
0.307579,2025-10-25
0.099047,2025-09-10
0.352996,2025-12-09
0.297421,2025-10-26
0.086823,2025-08-21
0.249472,2025-12-08
0.270572,2025-11-23
0.313759,2025-10-09
0.308093,2026-01-17
0.328892,2025-12-23
0.118014,2025-12-09
0.201226,2025-09-16
0.007092,2025-12-15
0.325331,2025-10-21
0.472727,2026-01-06
0.298203,2025-11-23
0.327933,2026-01-31
0.176210,2025-09-08
0.434987,2025-09-20
0.428286,2025-08-19
0.347077,2026-01-20
0.057273,2025-10-18
0.420998,2025-10-05
0.091256,2025-11-22
0.262752,2025-10-27
0.428559,2026-02-08
0.214565,2025-10-22
0.289921,2025-10-20
0.362702,2025-10-02
0.317480,2026-02-05
0.108033,2025-11-22
0.072315,2025-10-11
0.169199,2026-01-08
0.189866,2026-01-08
0.324275,2025-10-02
0.142896,2026-01-18
0.127315,2025-12-17
0.071877,2026-01-08
0.043144,2026-01-08
0.161735,2025-12-23
0.288269,2026-01-13
0.052339,2026-01-19
0.329577,2026-01-24
0.179828,2025-08-25
0.390796,2025-09-20
0.046076,2026-01-23
0.419608,2026-01-01
0.119125,2026-01-01
0.231737,2026-01-01
0.033932,2025-12-05
0.392549,2026-02-06
0.082679,2025-12-17
0.309801,2025-12-01
0.431266,2025-09-05
0.041381,2025-09-05
0.035661,2025-11-16
0.222572,2025-12-24
0.155863,2025-09-05
0.131876,2025-12-11
0.102076,2026-01-10
0.355411,2025-09-16
0.387351,2025-12-11
0.327740,2025-11-30
0.225035,2025-09-26
0.254301,2025-12-17
0.315264,2025-11-06
0.028454,2026-02-03
0.147891,2026-02-04
0.246957,2025-12-11
0.019085,2025-12-18
0.429827,2026-01-30
0.245446,2025-09-26
0.022026,2026-01-04
0.478178,2025-10-27
0.018658,2025-09-11
0.327877,2026-01-08
0.156084,2025-12-31
0.260765,2025-12-01
0.455631,2025-11-02
0.287105,2025-12-11
0.427914,2025-12-12
0.258796,2025-10-14
0.272311,2025-10-22
0.328872,2025-12-07
0.267824,2026-01-07
0.080809,2025-10-02
0.483555,2025-11-08
0.356313,2026-02-01
0.148008,2025-10-10
0.263716,2025-10-14
0.157461,2025-12-16
0.271544,2025-08-20
0.417869,2025-11-21
0.143610,2025-08-21
0.116707,2025-10-27
0.374361,2025-12-31
0.487939,2025-11-16
0.012716,2025-11-06
0.230582,2025-08-27
0.061890,2025-09-06
0.211855,2026-01-02
0.350518,2025-11-25
0.077979,2025-11-23
0.425476,2025-08-31
0.084484,2025-12-23
0.176690,2026-01-11
0.339818,2025-10-26
0.393401,2025-10-31
0.182272,2025-10-24
0.154082,2025-12-21
0.403433,2025-12-12
0.491152,2025-08-24
0.122968,2025-09-08
0.088527,2025-10-31
0.087579,2025-11-21
0.119695,2025-12-15
0.191930,2025-09-23
0.226489,2025-10-17
0.128562,2025-08-31
0.008802,2025-10-05
0.259877,2025-10-09
0.036372,2026-01-10
0.479948,2026-01-01
0.002678,2026-01-07
0.379975,2026-01-14
0.216312,2025-09-30
0.035459,2026-02-12
0.272771,2025-10-24
0.015672,2025-09-01
0.458617,2025-08-20
0.077706,2025-11-27
0.421421,2025-12-11
0.395810,2025-10-28
0.403984,2025-09-01
0.334035,2025-11-22
0.182562,2025-10-28
0.214247,2025-10-24
0.123547,2025-11-05
0.081737,2026-01-15
0.319883,2025-12-05
0.067532,2025-09-01
0.499404,2025-10-06
0.024340,2025-09-24
0.082451,2025-11-15
0.386948,2025-11-15
0.196086,2026-01-21
0.184251,2026-01-04
0.382499,2026-02-11
0.302903,2026-01-16
0.380320,2025-09-09
0.220276,2025-12-30
0.398842,2025-08-27
0.248741,2025-10-01
0.207912,2025-12-22
0.145766,2025-08-17
0.464110,2025-11-29
0.412035,2025-12-13
0.193288,2026-02-06
0.415223,2025-11-10
0.292249,2025-10-31
0.484839,2025-11-03
0.007575,2025-12-07
0.485084,2025-11-20
0.321884,2025-12-05
0.209700,2025-12-21
0.313236,2025-09-13
0.362027,2026-01-05
0.023423,2026-01-04
0.359439,2025-11-05
0.119131,2025-10-24
0.194089,2025-09-14
0.443184,2025-12-08
0.460637,2025-11-22
0.178127,2025-10-04
0.094411,2025-09-16
0.278288,2025-10-24
0.060283,2025-11-20
0.425720,2026-01-28
0.199758,2025-12-04
0.164405,2025-12-14
0.158669,2025-10-12
0.178022,2025-12-06
0.207209,2025-10-27
0.263768,2025-09-15
0.422730,2025-10-31
0.463198,2025-08-25
0.447576,2025-10-05
0.252169,2025-10-28
0.039809,2025-09-01
0.159381,2025-12-28
0.211901,2025-10-31
0.044644,2025-12-14
0.395712,2025-08-26
0.470031,2025-09-16
0.335914,2025-10-09
0.119477,2025-08-27
0.381607,2025-08-30
0.147664,2025-11-17
0.341794,2026-01-16
0.093578,2025-11-18
0.228934,2025-11-09
0.167192,2026-01-07
0.194888,2025-12-08
0.148636,2026-02-10
0.084434,2025-10-14
0.019299,2025-12-30
0.415289,2026-01-09
0.105337,2025-11-06
0.150687,2025-12-10
0.123761,2026-01-12
0.410292,2025-11-04
0.090290,2026-02-11
0.259903,2026-01-05
0.275791,2025-08-29
0.041577,2025-08-24
0.284684,2025-08-21
0.378854,2025-11-05
0.265205,2025-10-19
0.331977,2025-10-08
0.298967,2025-08-22
0.297537,2025-09-25
0.309151,2025-08-18
0.067093,2025-11-09
0.405438,2026-01-01
0.054092,2025-09-28
0.174574,2025-11-27
0.156550,2026-01-07
0.166441,2025-09-14
0.200738,2025-10-29
0.123421,2025-09-24
0.166846,2025-11-19
0.198058,2026-01-08
0.217414,2026-01-25
0.030251,2025-10-03
0.143592,2025-09-08
0.483035,2025-12-18
0.213442,2025-08-31
0.339964,2025-08-23
0.387530,2025-10-19
0.142536,2025-10-02
0.020469,2025-09-23
0.221942,2025-12-19
0.140691,2025-11-27
0.375742,2025-10-06
0.144013,2025-09-25
0.239867,2025-11-30
0.209862,2025-12-27
0.350120,2025-11-05
0.169879,2026-02-03
0.151073,2025-11-18
0.083813,2025-09-27
0.475327,2025-10-15
0.034966,2025-12-04
0.463591,2025-08-29
0.490427,2025-11-22
0.416416,2025-10-24
0.182397,2026-02-03
0.235753,2025-10-15
0.254212,2025-11-07
0.442566,2026-02-07
0.283379,2025-11-30
0.393401,2025-12-31
0.498694,2025-11-28
0.467367,2025-11-01
0.436384,2025-11-18
0.174535,2025-09-07
0.326601,2025-10-07
0.217737,2026-01-17
0.120193,2025-09-24
0.424090,2026-01-30
0.165069,2025-11-09
0.211003,2025-12-07
0.336331,2025-09-10
0.396891,2025-12-02
0.050097,2025-09-24
0.215591,2025-12-01
0.287365,2025-11-28
0.440085,2025-11-12
0.174800,2025-09-08
0.248260,2025-12-03
0.110021,2025-12-02
0.358656,2025-08-21
0.111974,2025-09-14
0.315440,2025-08-17
0.499433,2025-09-03
0.118669,2025-12-11
0.422390,2025-12-13
0.132361,2025-08-30
0.053881,2025-10-10
0.220101,2025-09-19
0.418409,2025-10-05
0.018989,2025-12-15
0.498309,2025-09-18
0.411259,2025-10-30
0.049906,2025-12-06
0.484794,2025-11-09
0.129371,2025-12-05
0.348011,2025-11-17
0.426732,2025-08-31
0.289332,2025-08-30
0.431747,2025-12-22
0.372327,2025-12-06
0.361412,2025-11-10
0.004324,2025-09-09
0.363066,2025-10-17
0.430903,2025-11-11
0.195947,2025-10-31
0.455831,2025-11-26
0.166785,2025-11-24
0.092462,2025-12-22
0.242921,2025-08-28
0.281562,2025-09-18
0.141773,2025-09-22
0.015880,2025-10-20
0.403512,2025-09-06
0.491461,2025-08-27
0.251033,2025-09-28
0.026178,2026-01-21
0.370959,2026-01-05
0.495346,2025-09-18
0.264837,2025-09-07
0.117029,2025-09-19
0.089693,2025-10-24
0.350360,2025-12-06
0.337614,2025-09-23
0.479833,2026-01-31
0.258437,2025-09-17
0.070142,2025-12-19
0.390348,2025-10-20
0.486185,2026-01-03
0.170293,2025-12-18
0.393355,2025-11-17
0.489225,2025-12-18
0.458696,2026-01-22
0.213431,2025-11-19
0.098868,2025-12-01
0.057178,2025-08-29
0.141663,2026-01-11
0.121549,2025-11-05
0.077936,2025-10-24
0.387883,2025-12-16
0.380731,2026-01-06
0.124253,2025-08-18
0.372849,2025-11-30
0.017497,2026-01-06
0.204855,2025-11-28
0.463350,2025-09-25
0.223463,2025-09-05
0.001693,2025-08-30
0.464669,2026-02-12
0.475037,2025-12-10
0.281979,2026-01-03
0.034945,2025-09-12
0.313100,2025-09-03
0.251958,2025-12-04
0.072403,2025-12-19
0.193228,2025-09-10
0.410660,2025-08-18
0.287532,2026-01-29
0.392226,2025-10-12
0.022977,2025-10-19
0.266919,2025-08-30
0.365740,2025-10-07
0.130832,2025-10-31
0.099788,2025-10-13
0.172441,2025-11-27
0.105955,2025-09-08
0.213686,2025-08-24
0.061101,2025-11-11
0.423265,2026-01-10
0.124884,2025-12-11
0.401591,2025-09-14
0.044090,2026-01-10
0.041479,2025-10-11
0.136588,2025-09-22
0.245389,2026-01-10
0.138645,2025-09-05
0.152675,2025-11-07
0.040893,2026-01-25
0.049064,2025-08-23
0.021328,2025-08-26
0.371209,2025-09-14
0.105140,2025-09-07
0.339670,2025-10-10
0.467801,2025-10-18
0.347837,2025-10-02
0.345443,2025-10-18
0.405579,2025-10-13
0.312300,2025-09-11
0.087857,2025-10-14
0.463530,2025-12-18
0.406815,2025-12-04
0.153865,2025-09-19
0.118406,2026-01-17
0.043914,2025-10-11
0.395365,2026-01-27
0.369103,2025-12-13
0.170033,2025-10-31
0.145244,2025-11-26
0.043070,2025-12-04
0.204555,2025-08-28
0.206154,2025-11-30
0.150442,2025-11-05
0.301331,2025-11-05
0.093209,2025-11-11
0.346104,2025-12-16
0.165925,2025-10-16
0.385842,2025-10-07
0.338026,2025-11-08
0.111073,2026-02-11
0.110052,2025-12-05
0.076754,2025-08-25
0.064160,2025-12-24
0.394652,2025-12-14
0.057817,2025-12-04
0.221179,2026-01-05
0.448909,2026-01-23
0.499078,2025-12-16
0.126337,2025-09-12
0.209726,2026-02-11
0.419910,2025-12-21
0.399057,2025-11-16
0.239588,2026-01-31
0.035649,2025-11-18
0.475061,2025-09-16
0.196876,2025-12-10
0.009418,2025-10-21
0.002320,2025-09-11
0.289839,2026-01-05
0.009038,2025-11-02
0.497370,2026-02-10
0.386018,2025-12-19
0.273133,2025-09-17
0.033144,2026-01-23
0.337600,2025-09-07
0.015758,2025-11-03
0.282191,2025-11-19
0.355616,2025-12-31
0.176726,2025-08-25
0.023058,2025-12-31
0.354825,2026-01-05
0.499240,2026-01-11
0.432587,2025-09-24
0.325986,2026-01-10
0.350052,2025-11-14
0.486809,2026-01-12
0.477876,2025-09-20
0.299919,2025-11-09
0.440461,2025-09-22
0.353032,2026-01-03
0.425079,2025-09-09
0.382048,2025-08-21
0.341582,2025-09-29
0.347064,2026-01-19
0.161637,2025-10-25
0.099742,2025-10-02
0.318915,2025-12-26
0.134437,2026-01-08
0.141228,2025-10-25
0.240556,2025-10-12
0.192515,2026-01-31
0.002522,2025-09-10
0.217827,2025-12-15
0.073329,2025-12-20
0.375885,2025-09-03
0.202864,2025-12-01
0.130346,2025-12-10
0.305399,2025-10-09
0.280978,2026-01-17
0.013362,2025-10-08
0.130314,2025-12-21
0.026251,2025-11-13
0.289553,2025-11-17
0.381367,2025-11-01
0.049338,2026-01-18
0.007729,2025-10-14
0.194391,2025-08-24
0.301672,2025-10-22
0.111219,2025-11-23
0.255984,2025-12-18
0.413812,2025-12-28
0.399645,2025-08-20
0.411739,2026-02-04
0.465579,2025-10-29
0.050599,2026-01-02
0.403241,2026-01-26
0.206776,2025-12-03
0.140447,2025-09-29
0.138021,2025-11-23
0.102674,2025-09-24
0.026652,2025-10-16
0.081356,2025-09-19
0.230221,2025-09-30
0.339481,2025-09-26
0.248476,2025-12-29
0.435089,2025-10-04
0.055350,2026-01-30
0.191586,2025-11-07
0.310114,2025-11-26
0.194853,2026-02-02
0.455960,2025-12-06
0.119331,2025-09-12
0.047114,2025-08-30
0.365134,2025-10-28
0.305065,2025-09-07
0.429680,2025-11-21
0.124573,2025-11-08
0.362655,2025-10-21
0.328097,2025-09-27
0.118591,2025-12-07
0.029938,2025-08-22
0.375659,2026-01-01
0.264673,2026-01-09
0.285092,2025-09-25
0.450406,2026-02-12
0.079091,2025-12-07
0.463897,2026-01-15
0.411814,2025-09-24
0.300909,2025-09-09
0.386696,2025-12-24
0.291939,2025-10-02
0.006871,2025-08-29
0.020703,2025-09-03
0.016119,2025-12-15
0.418975,2026-02-10
0.350295,2025-09-29
0.435014,2025-12-19
0.117918,2025-12-20
0.166126,2026-01-07
0.003205,2025-10-19
0.377650,2025-11-09
0.260253,2025-12-31
0.045828,2025-12-19
0.480450,2025-12-12
0.257922,2026-01-28
0.387659,2026-01-09
0.025311,2025-08-27
0.318774,2025-11-30
0.114829,2025-09-04
0.015153,2025-11-29
0.362900,2025-12-12
0.346875,2026-01-31
0.177464,2026-01-18
0.301426,2026-02-11
0.210365,2026-02-09
0.219485,2026-02-02
0.467446,2025-09-30
0.029835,2025-10-03
0.280020,2025-09-14
0.383074,2025-09-18
0.107763,2025-11-09
0.247736,2025-10-28
0.434383,2025-09-23
0.004493,2026-01-11
0.035157,2025-11-15
0.092462,2025-09-10
0.261313,2025-08-19
0.222793,2026-01-07
0.293809,2025-12-29
0.422209,2025-09-12
0.116306,2025-12-31
0.443577,2025-12-16
0.285176,2025-11-01
0.277487,2026-01-01
0.456017,2026-01-18
0.346309,2025-09-23
0.099256,2025-11-08
0.213655,2025-10-05
0.203189,2025-08-19
0.122014,2025-09-04
0.351563,2025-09-17
0.233755,2025-11-14
0.260597,2025-09-06
0.314944,2026-01-06
0.348739,2026-01-13
0.127861,2025-09-10
0.168026,2026-02-11
0.483497,2026-02-09
0.141349,2026-01-21
0.278610,2025-11-05
0.198167,2025-12-29
0.450044,2025-11-25
0.428521,2025-12-12
0.096698,2025-11-09
0.003826,2026-01-03
0.460442,2025-11-15
0.433599,2025-09-27
0.403424,2026-01-29
0.062683,2025-12-24
0.417413,2025-12-09
0.324671,2026-02-09
0.178434,2025-10-29
0.008778,2025-10-26
0.383428,2025-12-12
0.222467,2026-01-08
0.202229,2025-12-01
0.179352,2025-09-20
0.173580,2025-09-07
0.261956,2026-02-11
0.415562,2025-11-30
0.162354,2025-09-21
0.330409,2025-11-24
0.165013,2025-12-21
0.187595,2025-10-12
0.498646,2025-11-27
0.035937,2025-12-30
0.180686,2026-01-05
0.403613,2025-09-16
0.068145,2025-11-26
0.481519,2026-01-28
0.020403,2025-09-17
0.319084,2026-01-02
0.304548,2026-02-06
0.379036,2025-12-04
0.169374,2025-12-07
0.299719,2025-10-29
0.293718,2025-09-07
0.012231,2025-12-30
0.365611,2026-01-31
0.250611,2026-01-30
0.305695,2025-12-18
0.350362,2025-08-24
0.269669,2025-12-29
0.282490,2026-01-03
0.334261,2025-10-07
0.394909,2025-08-25
0.087143,2025-10-09
0.354349,2026-01-23
0.364323,2025-10-26
0.304174,2025-11-24
0.017825,2026-01-23
0.365053,2025-12-07
0.178074,2025-10-19
0.226614,2025-08-29
0.302284,2025-09-30
0.026492,2025-12-06
0.126813,2025-10-28
0.030625,2025-12-06
0.077363,2025-09-21
0.161664,2026-02-03
0.068407,2025-08-24
0.246949,2025-11-10
0.172465,2026-01-11
0.110489,2025-11-17
0.392000,2026-01-19
0.200429,2026-01-31
0.191686,2025-11-16
0.369224,2025-08-21
0.111058,2025-09-09
0.380511,2026-01-25
0.416771,2025-10-18
0.224203,2026-01-25
0.350381,2025-10-01
0.218077,2025-09-10
0.059222,2026-02-02
0.272792,2025-10-11
0.424993,2025-12-12
0.206496,2025-11-17
0.465380,2025-12-06
0.292622,2025-08-25
0.485905,2025-09-06
0.160877,2025-12-18
0.005216,2026-02-12
0.173494,2025-11-05
0.274875,2025-10-08
0.438420,2025-08-18
0.275304,2025-10-02
0.445424,2026-01-28
0.412672,2025-12-30
0.110926,2025-12-12
0.076170,2025-10-22
0.465548,2025-12-06
0.348992,2025-10-22
0.303463,2026-02-04
0.125961,2026-01-11
0.460400,2025-11-05
0.496201,2025-12-23
0.214557,2025-11-18
0.264347,2025-10-08
0.032972,2025-11-20
0.127241,2025-10-08
0.320499,2025-12-24
0.410767,2025-12-18
0.483676,2025-10-02
0.167999,2025-11-04
0.086328,2026-01-15
0.357667,2025-10-14
0.336162,2025-11-14
0.425175,2026-01-17
0.397289,2025-12-17
0.170109,2026-01-09
0.366398,2025-12-24
0.013752,2026-01-20
0.122760,2026-01-09
0.150036,2026-01-05
0.343905,2026-01-19
0.447442,2025-12-20
0.354700,2026-01-16
0.247788,2025-10-12
0.138025,2026-02-06
0.446079,2025-12-14
0.038876,2025-11-27
0.341062,2025-12-11
0.004207,2026-02-02
0.468714,2025-09-16
0.491998,2025-09-07
0.323144,2026-02-10
0.371756,2025-10-04
0.161159,2026-01-06
0.367820,2026-02-06
0.055286,2025-09-15
0.190906,2025-10-20
0.308265,2025-12-18
0.104871,2025-11-09
0.040389,2025-10-27
0.018811,2025-11-26
0.012363,2025-12-15
0.433462,2025-11-10
0.413118,2025-12-30
0.397326,2026-01-20
0.155210,2026-01-20
0.473937,2026-01-27
0.085553,2025-11-28
0.110529,2025-09-16
0.049336,2025-11-28
0.179381,2025-09-08
0.202279,2025-12-02
0.240198,2025-11-15
0.345412,2025-09-10
0.300217,2025-10-01
0.276279,2025-08-31
0.042699,2026-02-11
0.146119,2025-12-02
0.019046,2026-02-10
0.100174,2025-09-20
0.109773,2025-09-07
0.217231,2025-12-22
0.056113,2025-12-16
0.167744,2025-12-09
0.072481,2025-09-21
0.312148,2025-08-18
0.057731,2025-11-16
0.195923,2025-10-11
0.117845,2025-08-26
0.260994,2025-11-03
0.444312,2025-12-11
0.497049,2025-09-03
0.135539,2025-08-18
0.009523,2025-09-25
0.166847,2025-09-22
0.259883,2026-01-07
0.176685,2026-02-08
0.089644,2025-08-22
0.374213,2026-01-21
0.256776,2025-09-06
0.202393,2026-01-22
0.040956,2025-11-07
0.261655,2025-12-31
0.392993,2025-11-03
0.246927,2025-10-06
0.418417,2025-11-17
0.461239,2025-11-24
0.032248,2026-01-11
0.394139,2026-01-01
0.175155,2025-12-08
0.285878,2025-11-21
0.358348,2025-08-27
0.054911,2025-09-20
0.396319,2026-01-03
0.475316,2025-12-11
0.379108,2025-10-24
0.340223,2026-01-06
0.282929,2025-12-31
0.376758,2025-10-24
0.356537,2025-12-03
0.094416,2026-01-19
0.077673,2025-11-06
0.334460,2025-11-19
0.253190,2025-08-18
0.222881,2025-10-24
0.317926,2025-10-20
0.064411,2025-11-30
0.084980,2025-11-12
0.159444,2025-09-10
0.252176,2025-12-14
0.103776,2025-08-29
0.038632,2025-12-17
0.432941,2026-01-22
0.364204,2025-12-09
0.281214,2025-09-06
0.125162,2025-09-22
0.197576,2025-09-01
0.342398,2025-12-20
0.325003,2025-11-21
0.020090,2026-01-29
0.454575,2025-08-29
0.246568,2025-10-04
0.161099,2025-10-01
0.213045,2025-10-29
0.016575,2025-09-20
0.077815,2025-10-05
0.084336,2026-01-21
0.200084,2025-09-01
0.020607,2025-12-23
0.195837,2026-01-30
0.237991,2025-11-01
0.011135,2025-12-12
0.270479,2025-10-17
0.406012,2026-01-18
0.215711,2025-09-10
0.439608,2026-02-04
0.391405,2025-12-30
0.020279,2025-12-30
0.330720,2025-09-15
0.214760,2026-01-13
0.299044,2025-12-17
0.037020,2025-11-15
0.332446,2026-01-24
0.308713,2025-08-17
0.043425,2025-12-27
0.280434,2025-12-25
0.345005,2025-09-17
0.322522,2026-01-25
0.272098,2026-02-01
0.440473,2025-12-05
0.280951,2025-09-19
0.061164,2025-08-27
0.171482,2025-08-25
0.406389,2026-01-09
0.392219,2025-09-15
0.007990,2025-11-09
0.049876,2025-09-19
0.409173,2025-12-02
0.474559,2025-11-13
0.342017,2026-01-18
0.303969,2025-10-04
0.181563,2025-08-27
0.168303,2025-09-13
0.053761,2025-11-30
0.095035,2026-01-25
0.036549,2026-01-11
0.364889,2025-10-14
0.071461,2025-12-11
0.269219,2025-10-06
0.290900,2025-09-04
0.391265,2025-11-29
0.199797,2025-08-27
0.313657,2025-12-18
0.377387,2026-01-22
0.141702,2025-09-25
0.241340,2025-12-26
0.148452,2025-12-23
0.235622,2025-10-20
0.298798,2025-11-23
0.368149,2025-09-06
0.108366,2025-11-28
0.003496,2025-10-29
0.104855,2026-01-02
0.402250,2025-11-12
0.319855,2026-01-17
0.191778,2026-02-05
0.193420,2025-11-29
0.335056,2025-12-02
0.461739,2025-08-17
0.275858,2025-08-27
0.210218,2026-02-01
0.232146,2025-11-23
0.327429,2025-11-15
0.093313,2026-02-01
0.222951,2026-01-14
0.306068,2025-12-13
0.283387,2026-02-01
0.148015,2025-10-17
0.287749,2026-01-02
0.213597,2025-08-23
0.129551,2025-08-31
0.222150,2025-12-04
0.265438,2025-12-16
0.058639,2025-10-18
0.371421,2026-01-27
0.193419,2025-08-22
0.429297,2025-09-20
0.213998,2025-08-30
0.089788,2025-09-05
0.183562,2025-12-28
0.172052,2025-11-25
0.371767,2025-12-08
0.026109,2025-09-26
0.207011,2026-02-09
0.462575,2026-01-15
0.408761,2026-01-10
0.410216,2026-01-16
0.176963,2025-11-15
0.477270,2025-09-15
0.082234,2026-02-01
0.137497,2025-09-10
0.326700,2025-10-24
0.465301,2025-09-15
0.043669,2026-01-07
0.332178,2025-10-29
0.258489,2025-09-17
0.009809,2025-11-30
0.098831,2025-09-20
0.431173,2025-11-03
0.273773,2025-08-19
0.414208,2025-12-01
0.212624,2025-11-03
0.300516,2026-01-08
0.102084,2025-12-28
0.050537,2025-12-13
0.153100,2025-10-08
0.271419,2026-02-05
0.148630,2025-09-22
0.268832,2025-10-31
0.131849,2025-10-24
0.143659,2026-02-08
0.258830,2025-11-12
0.209453,2026-02-01
0.473567,2025-12-04
0.454118,2025-11-11
0.175485,2025-12-15
0.270273,2025-12-14
0.233608,2025-08-27
0.190900,2025-12-26
0.419612,2026-01-17
0.381854,2026-02-07
0.325832,2025-10-06
0.429398,2025-10-06
0.382812,2025-09-20
0.218562,2026-01-20
0.142822,2025-08-27
0.258237,2025-08-25
0.061881,2025-12-08
0.163068,2025-12-12
0.165997,2025-12-18
0.238069,2025-09-01
0.250587,2025-10-05
0.207317,2025-08-25
0.307857,2026-02-09
0.165799,2025-12-09
0.082636,2026-01-27
0.241906,2026-02-08
0.198281,2026-02-05
0.186447,2025-09-25
0.415672,2026-01-20
0.479953,2025-12-04
0.108104,2026-01-14
0.041925,2026-01-26
0.288943,2025-12-21
0.262699,2025-11-16
0.269754,2025-08-20
0.309908,2025-09-19
0.347476,2025-11-26
0.381215,2025-10-27
0.204996,2025-10-29
0.267452,2025-12-01
0.315062,2026-01-11
0.144763,2025-11-04
0.149439,2026-01-23
0.334870,2025-09-16
0.359508,2025-11-27
0.053159,2025-09-02
0.439196,2025-11-29
0.480502,2025-09-07
0.381908,2025-10-11
0.325757,2025-11-01
0.031129,2025-12-30
0.363950,2026-01-06
0.148806,2025-08-18
0.181909,2025-09-24
0.053319,2025-11-29
0.455229,2025-09-28
0.060153,2025-08-22
0.447026,2025-09-24
0.498822,2025-09-20
0.062883,2025-10-19
0.093963,2025-08-19
0.096289,2025-10-31
0.098223,2025-12-19
0.189199,2026-02-02
0.218375,2025-12-20
0.265394,2025-10-10
0.052720,2025-11-30
0.022609,2026-01-28
0.382697,2026-01-23
0.301166,2025-11-17
0.094521,2025-12-28
0.163776,2025-10-26
0.493428,2025-12-12
0.223024,2026-01-14
0.326595,2025-12-06
0.051063,2025-08-27
0.498138,2026-01-21
0.146405,2025-12-15
0.478963,2025-11-27
0.362844,2025-09-30
0.357267,2025-10-28
0.289590,2025-12-12
0.428314,2025-08-21
0.192782,2025-12-01
0.201398,2025-12-01
0.181197,2025-10-11
0.314267,2025-08-27
0.117469,2025-11-03
0.190178,2025-11-10
0.334580,2025-11-01
0.498296,2025-11-18
0.280079,2026-01-10
0.058101,2025-10-27
0.089283,2026-01-27
0.092480,2025-10-07
0.285813,2025-10-21
0.436533,2026-01-25
0.300813,2025-09-16
0.020647,2025-12-10
0.112690,2025-11-12
0.421768,2025-11-27
0.419873,2025-09-02
0.025860,2026-01-30
0.133010,2025-11-25
0.419829,2025-10-01
0.062112,2025-10-26
0.301738,2025-12-05
0.165484,2026-01-10
0.160179,2026-01-02
0.008719,2025-09-12
0.142747,2025-12-24
0.342837,2026-01-09
0.307900,2025-11-21
0.471215,2025-10-01
0.485417,2025-10-08
0.254205,2025-10-21
0.136732,2025-10-06
0.353499,2025-10-03
0.407488,2025-11-28
0.427403,2026-02-12
0.098068,2025-12-13
0.263847,2025-10-12
0.122051,2025-12-25
0.124605,2025-12-30
0.015578,2026-01-15
0.343939,2025-11-09
0.336699,2025-11-11
0.042989,2025-09-28
0.453740,2025-12-21
0.345248,2026-01-01
0.258737,2025-10-23
0.331359,2025-08-26
0.162235,2025-10-18
0.129012,2025-12-31
0.225026,2025-10-04
0.162613,2025-11-12
0.146819,2025-09-10
0.357122,2026-01-01
0.042956,2025-10-21
0.495073,2025-10-31
0.258036,2026-01-17
0.074325,2025-11-14
0.003908,2025-09-02
0.316338,2025-12-29
0.390626,2025-11-30
0.142911,2025-12-02
0.002762,2025-09-24
0.024270,2025-09-24
0.287994,2026-02-02
0.375804,2025-09-12
0.309509,2026-01-02
0.330138,2026-01-27
0.346210,2025-09-29
0.257128,2025-12-03
0.059416,2025-08-21
0.192684,2025-11-04
0.126910,2025-09-10
0.078415,2025-10-06
0.171157,2025-09-04
0.005743,2026-02-02
0.284786,2025-11-26
0.057679,2025-11-10
0.257734,2025-11-15
0.232150,2025-09-28
0.212718,2026-01-22
0.338615,2026-01-14
0.372914,2025-10-08
0.192344,2025-12-07
0.471034,2025-11-11
0.438002,2025-10-24
0.306393,2025-12-25
0.403280,2025-10-18
0.357825,2026-02-08
0.201427,2025-09-10
0.359167,2025-11-19
0.234490,2026-01-27
0.441245,2025-10-24
0.377637,2025-10-25
0.307215,2025-11-10
0.086759,2025-10-09
0.465067,2025-12-31
0.306271,2025-10-25
0.046701,2025-09-28
0.242291,2025-08-18
0.384930,2025-11-17
0.326329,2026-01-04
0.333097,2025-10-19
0.203964,2025-10-25
0.403164,2025-12-12
0.291777,2025-11-07
0.375783,2025-08-31
0.464990,2026-01-12
0.174359,2025-09-10
0.432186,2025-11-28
0.480305,2025-10-18
0.001136,2026-02-03
0.269611,2025-11-18
0.254846,2026-02-02
0.101484,2025-12-08
0.208181,2026-01-05
0.451103,2026-02-05
0.227237,2026-01-18
0.469534,2025-11-11
0.065049,2026-02-09
0.092553,2025-10-12
0.488529,2026-01-13
0.011301,2025-11-01
0.360049,2025-12-07
0.381477,2026-01-02
0.079939,2026-01-14
0.445385,2026-01-04
0.260155,2025-11-02
0.257713,2026-02-03
0.076346,2026-01-04
0.121685,2025-09-15
0.011257,2025-12-25
0.488308,2025-09-25
0.439741,2025-12-15
0.139553,2026-02-08
0.270948,2026-01-21
0.417550,2025-09-29
0.301924,2025-09-16
0.364459,2025-12-25
0.211099,2025-08-31
0.134232,2025-11-21
0.386007,2025-10-08
0.344657,2025-09-26
0.103017,2025-12-20
0.008647,2025-08-29
0.423518,2025-09-22
0.056626,2025-10-05
0.071768,2025-10-15
0.395549,2025-12-27
0.315107,2025-10-11
0.171964,2025-10-06
0.227110,2025-10-03
0.459350,2025-11-10
0.197339,2025-12-17
0.310580,2025-11-11
0.406705,2025-09-02
0.174715,2026-01-17
0.125920,2025-12-30
0.293528,2025-11-20
0.224109,2026-01-26
0.062048,2025-08-23
0.315202,2025-11-30
0.189312,2026-01-08
0.245605,2025-09-19
0.048607,2026-01-18
0.055586,2025-12-04
0.254338,2025-11-11
0.478669,2025-08-27
0.476501,2025-09-23
0.419841,2025-10-27
0.193601,2025-11-07
0.213759,2025-12-11
0.068917,2025-11-03
0.209858,2025-11-19
0.135368,2025-10-13
0.157671,2025-10-15
0.420312,2025-08-31
0.299282,2025-09-05
0.439879,2026-01-03
0.214449,2026-01-25
0.424214,2025-11-10
0.186121,2025-12-23
0.119942,2025-09-26
0.408507,2025-12-04
0.246113,2025-08-17
0.487301,2025-09-22
0.022692,2026-01-29
0.396824,2025-10-29
0.372057,2026-02-05
0.007224,2025-12-23
0.418094,2026-01-23
0.226523,2025-11-12
0.408376,2026-01-22
0.439219,2026-01-29
0.286863,2025-12-26
0.448502,2025-12-26
0.061947,2025-12-23
0.375903,2025-10-04
0.293831,2025-11-28
0.342340,2025-09-05
0.094927,2025-12-26
0.398693,2025-11-11
0.425117,2025-12-04
0.202995,2025-11-13
0.344113,2025-12-24
0.329760,2025-10-21
0.328673,2025-12-30
0.034937,2026-02-04
0.479570,2025-09-20
0.482102,2026-02-01
0.469652,2025-10-02
0.482434,2025-09-09
0.218204,2025-10-13
0.091540,2025-09-27
0.456124,2025-11-06
0.495390,2025-09-21
0.310212,2025-11-22
0.280153,2025-12-17
0.232988,2025-09-10
0.073520,2025-11-18
0.380017,2025-10-25
0.288501,2026-01-19
0.147602,2025-11-08
0.495969,2025-10-02
0.469662,2025-12-07
0.277864,2025-10-23
0.147472,2025-10-07
0.056217,2026-01-03
0.481721,2025-10-07
0.081863,2025-12-06
0.248505,2025-09-22
0.164309,2025-12-04
0.074617,2025-09-25
0.057916,2025-12-10
0.259287,2025-11-09
0.004060,2026-02-01
0.156009,2025-09-06
0.436521,2026-01-15
0.360376,2026-01-28
0.335297,2025-09-08
0.109044,2025-08-27
0.302190,2025-09-04
0.268833,2025-09-18
0.422802,2025-12-29
0.275506,2025-11-19
0.392632,2025-10-03
0.059451,2026-01-06
0.198169,2025-10-10
0.076398,2025-11-12
0.277913,2026-01-18
0.473117,2026-02-10
0.329571,2025-11-24
0.245991,2026-01-18
0.337581,2025-10-18
0.315897,2025-11-08
0.318840,2025-11-12
0.232887,2026-01-31
0.078051,2026-01-29
0.165015,2025-11-21
0.356990,2025-11-23
0.291787,2025-11-09
0.025934,2025-12-18
0.499116,2025-10-24
0.367885,2025-08-27
0.032917,2025-11-09
0.058064,2025-11-23
0.305741,2025-12-13
0.011013,2025-10-28
0.254562,2025-08-28
0.416360,2026-01-18
0.116699,2025-09-28
0.389528,2025-11-26
0.257976,2025-08-30
0.193745,2025-09-25
0.292545,2025-12-29
0.366522,2025-12-24
0.020600,2026-02-08
0.075112,2025-12-06
0.368881,2025-12-04
0.334301,2025-10-21
0.162018,2025-08-26
0.255985,2026-02-07
0.239297,2026-02-11
0.177980,2025-11-29
0.101697,2025-09-21
0.433375,2025-12-25
0.487987,2025-12-14
0.124333,2025-12-01
0.362494,2025-12-23
0.004852,2025-08-22
0.152247,2025-11-13
0.291516,2025-10-18
0.029467,2026-01-27
0.322979,2025-11-03
0.280299,2025-09-29
0.295046,2026-01-12
0.486827,2025-08-24
0.002076,2026-01-17
0.466915,2025-09-30
0.002640,2025-09-19
0.090259,2025-10-04
0.124882,2026-01-18
0.342346,2025-09-07
0.304962,2026-01-06
0.232063,2026-01-03
0.145553,2026-02-04
0.192444,2025-08-18
0.189302,2025-09-07
0.266620,2026-02-01
0.329158,2025-10-17
0.020702,2025-12-24
0.227210,2025-08-30
0.113714,2025-10-03
0.328754,2025-11-16
0.376851,2025-09-16
0.381700,2025-10-26
0.269074,2025-10-07
0.259505,2026-01-08
0.343348,2025-08-24
0.110294,2025-09-16
0.093961,2025-09-30
0.165554,2025-08-28
0.193194,2026-01-02
0.487048,2025-12-08
0.157707,2025-12-15
0.057958,2025-11-19
0.252329,2025-09-06
0.324831,2025-10-01
0.258723,2025-12-23
0.297296,2026-01-04
0.472715,2025-11-03
0.121314,2025-09-20
0.021487,2025-10-08
0.003185,2025-08-28
0.224147,2025-12-11
0.183012,2026-01-21
0.341215,2026-01-11
0.456997,2025-10-29
0.219628,2025-08-31
0.333502,2025-10-16
0.291716,2025-12-14
0.183077,2025-11-06
0.435753,2025-12-20
0.471987,2025-12-15
0.044970,2025-12-03
0.293191,2026-01-07
0.437236,2025-11-05
0.197834,2025-08-24
0.252082,2025-09-30
0.117154,2025-08-24
0.485489,2025-10-26
0.001393,2025-12-17
0.338477,2025-12-25
0.474420,2025-11-09
0.231501,2025-11-17
0.116408,2025-11-10
0.178691,2025-11-29
0.357052,2025-12-13
0.141399,2025-11-15
0.490117,2025-11-04
0.470091,2026-02-11
0.178803,2025-09-28
0.201603,2026-01-04
0.226651,2025-10-14
0.453455,2025-08-23
0.212230,2025-08-21
0.162274,2025-10-29
0.159945,2025-12-05
0.494557,2025-09-23
0.201652,2025-12-05
0.180414,2026-01-03
0.130804,2025-10-19
0.355035,2025-12-03
0.247350,2025-09-18
0.031693,2025-10-02
0.435480,2025-10-27
0.182980,2025-09-12
0.251695,2026-02-12
0.025800,2025-08-20
0.190924,2025-08-25
0.057228,2025-12-20
0.213942,2025-12-17
0.047643,2025-10-06
0.427747,2025-11-11
0.106442,2025-11-29
0.242618,2025-12-26
0.444647,2026-01-25
0.477774,2025-09-09
0.490522,2025-11-21
0.417854,2025-09-29
0.442153,2025-12-06
0.174097,2025-10-04
0.228350,2025-10-07
0.108029,2025-12-21
0.389659,2025-09-23
0.390867,2025-10-20
0.464973,2025-12-09
0.338643,2025-09-05
0.117741,2026-02-10
0.436877,2025-10-19
0.215563,2025-08-18
0.122366,2025-10-04
0.479822,2025-11-05
0.432139,2025-11-07
0.287767,2025-11-09
0.267301,2025-12-20
0.438583,2025-09-19
0.031618,2025-10-23
0.473727,2026-02-01
0.407394,2025-10-01
0.445270,2025-12-31
0.242304,2026-02-10
0.457286,2026-01-21
0.420222,2026-02-12
0.113103,2025-08-29
0.278119,2025-11-30
0.137257,2026-01-15
0.062606,2025-11-30
0.005378,2025-09-30
0.095071,2025-08-19
0.381088,2025-09-10
0.284411,2026-01-08
0.292596,2025-08-26
0.414813,2025-12-22
0.060364,2026-01-23
0.093234,2026-01-31
0.401139,2025-08-19
0.172419,2025-12-12
0.023350,2025-10-20
0.001619,2026-01-19
0.261110,2025-08-20
0.379057,2025-12-30
0.172499,2026-02-02
0.322495,2025-11-28
0.306090,2025-10-30
0.423470,2026-01-23
0.264538,2025-12-24
0.227064,2025-10-17
0.240274,2025-10-19
0.492758,2025-12-10
0.114135,2025-11-21
0.161356,2025-10-20
0.421552,2025-09-20
0.477971,2025-09-23
0.473805,2025-11-07
0.185072,2025-09-30
0.174202,2026-01-27
0.100365,2026-01-14
0.184744,2025-11-28
0.423786,2026-01-29
0.353445,2025-09-22
0.175130,2025-12-24
0.248130,2025-12-10
0.286471,2025-09-29
0.407912,2025-12-12
0.031624,2025-10-22
0.350322,2025-11-12
0.177150,2025-10-21
0.426200,2026-02-08
0.002542,2025-10-27
0.485650,2025-11-16
0.263945,2025-11-17
0.108469,2025-11-12
0.451362,2025-09-07
0.116764,2026-01-19
0.244785,2025-11-15
0.401988,2025-11-03
0.040527,2025-10-27
0.160795,2025-10-25
0.242472,2025-11-04
0.309866,2025-08-22
0.170026,2025-10-01
0.178515,2025-09-09
0.180158,2025-12-25
0.330421,2026-01-19
0.352403,2025-12-16
0.419187,2026-02-03
0.470409,2025-09-18
0.003517,2025-12-20
0.132599,2025-10-09
0.413876,2026-01-08
0.245487,2025-12-20
0.296526,2025-11-29
0.483747,2025-09-21
0.012050,2025-10-09
0.479197,2025-12-12
0.494519,2025-08-26
0.391219,2025-11-10
0.111226,2025-11-06
0.437460,2025-09-09
0.326465,2026-01-29
0.234659,2025-10-30
0.033200,2025-08-27
0.359430,2025-08-20
0.081945,2026-01-26
0.086574,2025-10-27
0.246272,2026-01-28
0.081755,2025-09-07
0.397433,2025-11-19
0.005180,2026-01-08
0.080762,2025-08-24
0.011686,2025-09-06
0.349783,2025-09-25
0.371433,2026-01-18
0.127657,2026-01-24
0.478161,2025-11-19
0.265883,2025-12-28
0.385625,2026-01-12
0.386615,2026-01-14
0.185482,2025-12-29
0.185008,2026-01-11
0.447609,2025-10-06
0.004659,2025-10-16
0.349598,2025-10-15
0.282693,2025-09-27
0.392596,2025-10-16
0.494847,2026-01-02
0.010300,2026-01-10
0.300766,2026-01-02
0.299604,2025-08-27
0.082269,2026-01-01
0.148570,2025-10-01
0.059328,2025-11-04
0.062529,2025-10-16
0.219004,2026-01-28
0.135269,2025-10-22
0.465803,2025-09-08
0.350579,2025-09-14
0.371988,2026-01-17
0.371858,2025-09-11
0.147618,2025-12-11
0.176561,2025-09-05
0.042242,2025-08-21
0.101154,2026-01-09
0.313368,2025-09-24
0.048781,2025-09-30
0.168653,2025-09-26
0.493433,2025-10-27
0.097991,2025-09-07
0.045431,2026-01-30
0.468384,2025-10-12
0.283074,2025-11-23
0.318486,2025-08-18
0.345135,2025-11-14
0.183700,2025-10-27
0.111443,2025-09-06
0.298105,2025-08-23
0.178768,2025-09-11
0.069654,2025-12-25
0.032361,2025-12-03
0.334428,2025-10-30
0.087363,2026-02-04
0.136534,2025-12-15
0.255134,2025-11-07
0.389640,2026-01-02
0.273974,2025-09-05
0.202949,2025-09-18
0.475904,2026-01-31
0.464124,2025-12-04
0.350074,2026-01-20
0.373885,2026-01-11
0.293616,2026-01-04
0.280427,2025-11-10
0.067435,2025-11-29
0.281231,2025-10-21
0.398930,2025-11-27
0.092379,2026-01-30
0.440036,2026-02-02
0.166075,2025-08-17
0.111900,2025-12-02
0.179005,2026-01-08
0.455912,2026-01-19
0.495697,2026-01-07
0.009414,2025-12-27
0.337013,2025-09-20
0.138414,2026-01-08
0.472536,2025-10-24
0.133085,2025-09-07
0.068711,2025-11-14
0.443653,2025-11-17
0.412553,2025-08-25
0.091407,2025-12-01
0.244833,2025-10-13
0.252274,2025-10-31
0.208858,2025-10-31
0.172771,2025-12-18
0.092709,2025-12-16
0.483765,2026-01-08
0.196257,2026-02-09
0.066405,2025-12-19
0.195634,2025-12-29
0.400107,2025-08-18
0.017290,2025-10-07
0.348557,2025-12-05
0.304488,2025-12-30
0.260689,2026-01-10
0.449590,2025-11-12
0.263158,2025-09-11
0.389400,2025-11-09
0.108269,2025-10-18
0.357050,2025-12-18
0.322138,2025-10-21
0.252643,2025-12-06
0.202174,2026-01-16
0.159811,2025-11-30
0.349406,2025-12-23
0.270450,2025-12-19
0.403891,2025-09-15
0.376186,2025-12-10
0.186019,2025-10-02
0.002892,2025-11-19
0.464934,2025-09-04
0.242877,2025-09-06
0.223819,2025-11-25
0.218664,2025-09-18
0.057605,2026-01-03
0.140018,2025-10-02
0.192759,2025-09-04
0.158589,2025-12-06
0.286539,2025-10-02
0.299551,2025-10-14
0.016941,2025-12-31
0.279617,2026-01-09
0.105902,2025-10-16
0.018381,2025-08-26
0.130947,2025-09-12
0.345289,2025-08-25
0.197292,2026-01-29
0.220116,2025-12-15
0.359981,2025-12-11
0.070115,2025-11-26
0.288188,2025-12-09
0.429609,2025-11-17
0.305347,2025-09-07
0.496672,2026-01-03
0.426562,2025-12-23
0.271617,2026-01-08
0.317414,2025-12-07
0.301399,2025-12-31
0.410471,2025-09-29
0.313059,2026-01-30
0.128329,2026-01-31
0.220739,2025-12-08
0.336593,2026-02-08
0.308645,2025-12-26
0.137942,2025-12-29
0.070397,2026-01-06
0.131471,2025-11-19
0.434841,2025-09-16
0.142391,2025-11-05
0.164396,2026-01-05
0.078830,2025-11-22
0.203828,2025-10-11
0.116634,2026-01-28
0.386771,2026-01-28
0.425016,2026-01-26
0.378902,2025-09-11
0.153932,2025-12-27
0.282003,2025-10-09
0.330527,2025-08-23
0.265106,2025-11-04
0.231704,2025-09-12
0.490272,2026-01-15
0.112039,2025-08-30
0.354858,2026-01-27
0.004548,2025-08-17
0.173866,2025-09-14
0.495309,2025-12-04
0.329307,2025-11-30
0.355716,2025-10-15
0.331737,2026-02-11
0.023500,2025-11-19
0.258523,2025-10-11
0.402795,2025-10-09
0.292859,2026-01-02
0.205489,2026-02-09
0.326747,2025-09-30
0.358162,2025-09-15
0.419863,2025-10-30
0.448120,2025-12-05
0.270335,2025-12-16
0.309784,2025-11-21
0.310686,2025-08-24
0.416045,2025-12-14
0.344388,2025-10-16
0.466308,2025-11-11
0.104049,2025-10-28
0.174648,2026-02-02
0.013648,2025-11-04
0.015328,2025-09-23
0.461020,2025-10-07
0.382539,2025-10-24
0.275421,2025-11-13
0.287051,2025-09-27
0.293990,2025-12-03
0.477813,2025-09-03
0.212092,2026-01-29
0.005422,2025-08-21
0.175517,2025-12-11
0.266931,2025-12-25
0.352132,2025-11-12
0.078552,2026-02-01
0.191100,2025-12-23
0.410923,2025-08-23
0.445600,2025-10-14
0.435124,2025-08-20
0.138715,2025-11-25
0.472689,2025-11-27
0.281953,2026-01-10
0.363305,2026-01-24
0.436773,2025-10-19
0.344105,2025-09-15
0.303798,2025-10-08
0.043543,2025-12-03
0.031390,2025-11-03
0.142006,2026-01-24
0.430916,2025-11-24
0.298410,2026-01-03
0.474572,2025-09-06
0.176932,2025-10-26
0.153719,2026-01-09
0.239364,2025-10-06
0.388774,2025-10-13
0.293708,2025-10-09
0.419024,2025-08-28
0.356255,2026-01-08
0.298955,2025-10-13
0.115610,2025-09-14
0.116609,2026-02-04
0.415988,2025-12-17
0.449184,2025-08-25
0.173720,2025-10-27
0.178962,2025-08-22
0.306611,2025-11-24
0.042051,2025-10-30
0.266060,2025-10-10
0.427850,2025-12-07
0.232270,2025-11-02
0.405766,2025-11-14
0.168581,2026-02-05
0.016914,2025-10-10
0.115540,2026-01-16
0.026984,2025-12-26
0.356322,2025-12-23
0.157236,2025-12-30
0.005030,2026-02-06
0.304802,2025-12-22
0.438767,2025-09-03
0.365054,2025-09-08
0.088917,2026-01-24
0.485017,2025-11-28
0.276730,2025-12-27
0.156195,2026-01-03
0.029920,2025-08-23
0.415899,2025-11-21
0.091084,2025-09-28
0.453637,2025-12-14
0.180554,2025-12-04
0.237036,2025-08-31
0.419049,2025-12-05
0.331414,2026-01-16
0.156076,2026-01-27
0.481727,2025-09-06
0.271340,2026-02-05
0.349058,2025-12-29
0.195662,2026-02-07
0.039502,2025-11-27
0.396848,2025-09-24
0.133254,2025-12-02
0.231143,2025-11-06
0.436862,2025-11-28
0.050685,2025-11-27
0.396601,2026-01-29
0.380083,2025-09-12
0.162469,2026-02-11
0.073231,2025-08-18
0.336456,2025-11-03
0.333521,2025-10-06
0.304303,2025-11-14
0.034096,2025-11-19
0.313673,2025-10-15
0.127971,2025-11-05
0.146541,2025-10-08
0.001328,2025-12-28
0.229405,2025-10-07
0.449548,2025-08-22
0.365304,2026-01-02
0.228345,2026-01-31
0.104127,2026-02-08
0.482351,2026-01-27
0.335128,2025-12-16
0.286459,2025-09-24
0.376266,2025-10-11
0.360090,2025-11-29
0.181944,2025-08-18
0.295068,2025-09-15
0.342864,2025-11-06
0.428933,2026-01-12
0.493864,2025-08-20
0.336673,2026-01-13
0.422853,2026-02-02
0.039679,2025-08-23
0.361776,2025-12-28
0.428883,2025-10-26
0.358309,2025-11-15
0.490595,2025-09-24
0.436779,2026-01-25
0.131844,2025-12-09
0.242863,2026-01-24
0.071897,2025-10-21
0.410559,2025-09-02
0.401349,2025-11-23
0.087861,2026-02-02
0.003840,2025-11-25
0.373609,2026-01-11
0.220948,2026-01-08
0.117645,2025-11-09
0.074569,2025-12-06
0.149059,2026-01-22
0.061426,2026-01-18
0.472386,2026-01-20
0.331372,2025-11-06
0.319578,2025-11-16
0.041032,2026-01-09
0.306988,2026-02-05
0.451547,2026-02-08
0.492258,2026-01-09
0.109619,2026-01-05
0.222264,2025-09-24
0.459774,2025-09-17
0.194321,2025-11-27
0.053841,2025-11-07
0.158568,2025-10-22
0.393505,2025-09-19
0.053622,2025-09-29
0.174935,2025-10-17
0.397337,2025-08-31
0.483428,2025-12-23
0.443944,2025-08-26
0.339631,2026-01-11
0.094462,2025-09-04
0.410177,2026-01-28
0.110339,2025-09-14
0.005730,2025-09-03
0.479630,2025-09-12
0.182651,2026-01-13
0.353047,2025-09-25
0.235089,2025-12-20
0.448772,2025-09-16
0.466535,2025-11-08
0.122712,2025-12-26
0.423234,2025-12-24
0.460925,2026-02-04
0.467212,2026-01-18
0.150701,2025-11-28
0.497468,2025-10-18
0.085891,2025-11-09
0.149699,2026-02-05
0.300101,2025-09-30
0.139869,2026-02-09
0.171344,2025-11-21
0.248134,2025-12-06
0.378461,2025-11-05
0.382381,2025-12-22
0.265579,2025-10-01
0.483018,2025-11-18
0.120259,2026-02-02
0.262471,2025-11-24
0.302774,2026-01-17
0.265175,2026-02-03
0.392410,2025-09-28
0.215012,2025-11-07
0.399432,2025-10-25
0.468526,2025-10-17
0.198526,2026-01-21
0.331124,2025-08-25
0.082544,2025-09-05
0.089144,2025-12-07
0.485249,2025-11-03
0.183692,2025-11-04
0.097817,2026-02-02
0.014361,2026-01-12
0.395091,2026-01-19
0.118949,2025-12-14
0.335378,2026-01-23
0.354425,2025-10-03
0.073436,2026-02-09
0.142057,2026-01-26
0.084460,2025-09-10
0.015018,2025-10-13
0.368128,2025-10-19
0.392367,2026-01-30
0.337491,2025-09-15
0.377725,2025-09-21
0.267474,2025-10-04
0.262647,2025-09-02
0.414280,2025-12-04
0.110774,2025-12-24
0.342315,2025-11-30
0.341735,2025-09-29
0.092655,2025-09-23
0.063496,2025-09-27
0.497228,2025-09-02
0.267492,2026-01-20
0.340929,2025-11-09
0.086543,2025-11-03
0.367661,2025-09-19
0.338065,2025-12-09
0.313634,2025-12-06
0.350767,2025-11-30
0.054551,2025-11-18
0.269807,2025-09-13
0.004443,2025-10-14
0.137581,2025-08-19
0.301951,2025-11-09
0.203677,2025-11-03
0.098666,2026-01-01
0.436690,2025-10-12
0.089417,2025-11-17
0.143594,2026-01-28
0.179741,2025-09-19
0.000703,2025-09-28
0.100198,2025-09-20
0.119358,2025-08-24
0.382016,2025-11-23
0.254103,2025-09-08
0.418765,2025-11-02
0.370158,2025-11-05
0.480481,2025-10-14
0.209017,2025-08-25
0.189448,2025-11-13
0.354932,2026-01-02
0.495406,2026-02-07
0.281977,2025-12-30
0.284300,2025-11-13
0.483469,2025-08-27
0.145257,2025-09-11
0.296698,2025-11-08
0.498643,2025-11-22
0.094183,2026-01-06
0.144114,2026-01-28
0.329112,2025-11-07
0.218352,2025-11-21
0.078255,2026-02-11
0.189297,2025-09-24
0.155976,2025-11-06
0.268414,2025-10-05
0.194001,2025-11-18
0.394541,2025-12-30
0.378477,2025-09-26
0.164232,2025-09-25
0.295016,2025-12-09
0.305740,2025-09-13
0.366322,2025-08-31
0.008267,2025-10-29
0.488783,2026-02-01
0.399836,2025-11-02
0.309382,2025-09-21
0.111669,2025-08-26
0.049837,2025-12-05
0.094744,2025-11-22
0.031239,2025-11-11
0.418607,2025-12-23
0.156647,2026-01-15
0.022728,2025-11-14
0.302625,2026-01-14
0.360802,2025-09-16
0.214355,2025-09-03
0.058614,2025-12-17
0.470485,2025-09-11
0.181478,2025-12-29
0.243619,2025-11-26
0.136369,2025-10-04
0.390761,2025-10-24
0.066621,2025-09-15
0.355641,2026-01-26
0.056593,2025-11-03
0.389574,2025-12-05
0.032325,2026-01-22
0.343404,2025-11-09
0.367681,2025-09-30
0.425944,2025-09-02
0.369257,2025-12-09
0.434416,2026-01-18
0.493140,2025-11-18
0.008874,2025-10-19
0.341453,2025-12-05
0.097090,2026-01-02
0.062049,2025-12-11
0.351621,2026-01-10
0.075586,2025-12-02
0.402447,2025-12-07
0.235323,2025-11-09
0.158058,2026-01-01
0.274880,2025-12-27
0.200724,2025-09-17
0.284783,2025-12-28
0.069359,2025-11-28
0.164998,2026-01-03
0.131843,2025-12-08
0.053320,2025-10-29
0.306935,2026-01-30
0.246519,2026-01-06
0.362973,2025-08-26
0.308197,2025-11-16
0.167541,2025-09-22
0.027574,2025-09-11
0.450747,2025-10-20
0.449535,2025-09-25
0.340082,2025-11-28
0.011385,2025-12-16
0.204238,2025-08-18
0.356662,2025-09-14
0.025183,2025-12-17
0.042569,2025-12-17
0.102645,2025-09-18
0.058921,2026-01-04
0.193051,2026-02-06
0.230797,2025-09-13
0.274319,2025-10-26
0.101249,2025-11-19
0.461667,2025-12-03
0.018632,2025-11-11
0.387582,2025-12-08
0.027864,2025-12-18
0.261285,2025-09-03
0.477078,2025-10-29
0.327501,2026-01-02
0.187519,2025-08-30
0.130952,2025-11-02
0.250222,2025-12-29
0.255166,2025-09-09
0.164835,2025-10-03
0.284954,2025-08-19
0.044964,2026-01-19
0.020567,2025-08-31
0.449465,2026-01-17
0.194566,2026-01-21
0.277189,2025-09-06
0.199695,2025-11-25
0.348593,2025-10-10
0.134764,2025-08-22
0.154876,2026-01-21
0.152028,2026-01-02
0.281367,2025-09-17
0.152335,2025-10-16
0.171052,2026-02-11
0.257789,2025-10-26
0.028900,2025-10-20
0.380472,2025-11-24
0.359813,2025-10-11
0.035067,2025-12-31
0.365425,2025-08-31
0.457306,2025-09-13
0.354281,2025-11-19
0.329000,2025-11-04
0.319793,2025-10-05
0.310511,2025-11-09
0.065049,2026-02-10
0.283880,2025-10-06
0.246198,2025-09-01
0.155618,2025-09-12
0.184127,2025-10-14
0.261297,2025-09-12
0.270098,2025-11-05
0.183688,2025-11-03
0.146586,2026-01-23
0.051702,2025-12-03
0.091812,2025-10-15
0.068913,2025-11-05
0.314093,2025-09-20
0.444608,2025-12-25
0.249639,2025-11-29
0.467214,2025-11-21
0.100917,2025-12-08
0.159827,2025-11-04
0.015109,2026-02-01
0.496862,2025-11-28
0.174779,2025-12-02
0.241579,2026-01-07
0.437910,2026-02-08
0.037622,2026-02-10
0.163507,2025-09-13
0.086252,2025-12-26
0.060616,2025-10-06
0.034991,2025-10-24
0.112139,2025-08-28
0.323472,2025-09-05
0.142414,2025-10-12
0.171909,2025-09-02
0.295962,2025-11-26
0.271403,2025-12-30
0.407057,2025-09-02
0.473387,2025-12-22
0.260131,2025-09-09
0.004168,2025-10-06
0.271556,2025-10-13
0.200687,2026-01-12
0.191850,2026-01-20
0.438492,2025-09-01
0.304649,2025-09-17
0.443558,2025-11-17
0.241497,2026-02-12
0.265614,2025-11-09
0.470926,2026-02-01
0.003748,2025-12-25
0.227557,2025-11-07
0.281946,2025-11-20
0.380600,2025-09-04
0.215866,2026-01-09
0.309356,2025-12-31
0.180546,2026-01-08
0.332039,2025-12-02
0.399551,2025-10-29
0.177435,2025-09-17
0.463530,2025-10-04
0.228834,2025-12-26
0.171649,2025-12-20
0.422886,2025-09-06
0.114249,2025-11-21
0.283146,2025-12-21
0.328616,2026-01-17
0.247927,2025-11-24
0.142845,2025-09-09
0.416092,2026-01-11
0.417824,2025-12-12
0.007784,2025-09-17
0.154907,2025-10-19
0.351877,2025-08-19
0.310605,2025-12-30
0.139709,2025-12-23
0.310036,2025-10-07
0.350054,2025-10-24
0.475302,2025-08-21
0.211883,2025-10-18
0.059191,2026-01-15
0.313730,2025-12-09
0.108629,2026-01-13
0.127944,2025-12-24
0.226814,2026-01-18
0.380220,2026-01-16
0.473001,2025-12-15
0.327278,2025-09-20
0.248688,2025-08-31
0.209284,2026-02-09
0.346079,2025-09-11
0.233777,2025-09-08
0.404451,2025-11-03
0.495615,2025-12-23
0.229870,2025-10-26
0.439380,2026-02-05
0.136493,2025-09-08
0.365104,2025-10-22
0.264370,2026-01-20
0.166726,2025-11-27
0.327324,2025-12-10
0.167314,2026-01-01
0.423524,2025-11-06
0.407756,2025-09-23
0.015267,2025-09-09
0.226458,2025-09-17
0.059967,2026-01-05
0.246226,2026-01-11
0.372989,2026-02-02
0.043590,2026-01-15
0.489509,2025-11-12
0.368337,2025-11-16
0.211047,2025-12-18
0.221851,2026-01-18
0.026936,2025-09-10
0.216795,2025-12-08
0.487015,2025-10-26
0.407348,2025-12-22
0.484229,2025-10-28
0.426912,2026-01-13
0.444210,2025-08-29
0.317976,2025-09-14
0.034532,2026-02-07
0.294070,2025-12-29
0.167398,2026-02-11
0.200244,2025-10-20
0.300039,2025-10-09
0.076923,2026-01-26
0.253747,2025-11-14
0.177577,2026-02-11
0.122362,2025-11-09
0.249737,2025-10-24
0.332795,2025-11-29
0.161290,2025-08-17
0.358937,2026-01-21
0.290668,2025-08-29
0.370873,2025-12-04
0.443740,2025-10-15
0.294572,2025-11-19
0.327657,2025-11-30
0.043433,2026-01-07
0.431761,2025-11-30
0.003204,2025-10-07
0.037369,2025-09-29
0.396653,2025-09-23
0.389130,2025-10-29
0.189794,2025-10-21
0.174825,2025-10-16
0.264868,2025-10-27
0.434711,2025-12-12
0.136851,2025-08-22
0.109360,2025-12-01
0.143494,2025-10-02
0.260143,2025-11-26
0.304669,2025-11-28
0.494697,2025-09-11
0.140383,2025-08-31
0.337431,2025-11-13
0.022796,2026-01-08
0.477435,2025-10-04
0.357694,2026-01-06
0.391812,2026-01-22
0.148421,2025-12-12
0.296027,2025-09-14
0.413367,2026-01-30
0.388487,2025-08-31
0.335493,2025-09-18
0.220759,2026-02-08
0.185764,2026-01-26
0.118845,2025-10-08
0.102715,2025-10-25
0.437020,2026-01-22
0.353803,2025-12-17
0.287599,2025-11-30
0.223268,2025-08-30
0.039264,2026-02-01
0.389700,2025-12-23
0.333471,2025-09-23
0.291826,2025-11-13
0.092577,2025-10-23
0.254486,2025-09-30
0.484475,2025-10-04
0.286934,2025-10-29
0.187956,2025-11-16
0.130211,2026-02-07
0.460197,2025-08-31
0.065282,2025-12-12
0.329390,2025-08-22
0.209006,2025-11-14
0.434871,2025-09-25
0.029983,2025-08-25
0.285495,2025-10-21
0.121060,2025-10-27
0.455946,2025-09-23
0.096706,2025-11-17
0.324521,2025-12-28
0.382625,2025-08-27
0.257809,2025-12-16
0.050196,2025-09-01
0.360037,2025-10-17
0.070402,2025-09-05
0.335830,2025-12-13
0.384796,2025-10-05
0.273630,2025-08-23
0.450891,2025-10-10
0.007428,2025-10-18
0.082228,2026-01-09
0.297610,2026-01-17
0.277788,2025-08-20
0.198615,2025-12-17
0.464650,2025-12-28
0.007848,2026-01-05
0.084159,2026-01-05
0.484748,2025-09-25
0.109945,2026-01-07
0.399498,2025-12-27
0.124114,2026-01-21
0.062634,2025-11-18
0.253863,2025-08-31
0.118067,2026-01-21
0.311052,2025-08-26
0.421176,2025-12-04
0.327792,2025-11-02
0.469751,2025-11-27
0.118309,2025-12-08
0.246155,2025-09-01
0.052438,2025-09-02
0.319448,2025-09-24
0.406592,2025-11-03
0.212846,2026-01-01
0.157037,2025-09-26
0.443998,2026-01-26
0.321589,2026-01-07
0.090240,2025-12-21
0.034841,2025-09-02
0.151093,2025-11-26
0.213943,2025-12-16
0.168476,2026-01-25
0.464537,2026-02-09
0.066109,2026-01-06
0.415376,2025-11-09
0.054284,2025-10-15
0.372883,2025-11-25
0.067103,2026-01-28
0.469660,2026-02-12
0.322250,2025-12-01
0.290068,2026-02-12
0.216378,2025-12-04
0.061416,2025-12-10
0.002697,2025-08-18
0.029941,2025-12-02
0.391339,2025-11-24
0.086951,2025-11-17
0.125131,2025-08-29
0.209287,2025-12-16
0.460898,2025-11-02
0.333639,2026-02-04
0.313124,2025-12-21
0.202904,2026-01-24
0.419066,2025-12-15
0.388344,2025-12-31
0.298786,2025-09-20
0.327711,2025-09-05
0.281782,2026-02-01
0.231340,2025-09-26
0.326101,2026-01-19
0.478267,2026-02-09
0.429088,2025-08-30
0.378601,2026-01-22
0.254462,2026-01-06
0.449960,2025-10-08
0.009634,2025-09-30
0.221042,2025-10-30
0.259267,2025-11-03
0.048905,2026-01-24
0.495328,2025-08-31
0.075082,2026-01-27
0.301623,2025-12-01
0.339214,2025-11-17
0.422835,2025-09-10
0.420929,2025-11-04
0.190759,2025-11-26
0.026123,2025-09-17
0.412352,2025-08-22
0.464482,2025-10-11
0.068321,2025-12-05
0.359484,2025-10-30
0.455555,2025-11-02
0.397311,2025-12-13
0.346974,2026-01-15
0.275090,2025-08-23
0.135934,2025-12-01
0.276853,2025-11-29
0.294988,2025-10-28
0.210127,2025-11-30
0.123522,2026-01-17
0.378855,2025-08-23
0.441582,2025-11-20
0.254977,2026-02-04
0.432085,2025-10-21
0.401328,2025-09-29
0.440259,2025-11-25
0.107220,2025-10-10
0.334212,2025-11-26
0.315606,2025-12-20
0.351212,2025-12-05
0.064164,2025-10-09
0.040105,2025-12-01
0.294745,2025-10-05
0.398292,2025-10-18
0.053351,2025-12-09
0.142986,2025-09-02
0.408108,2025-11-03
0.437521,2026-01-24
0.113430,2025-12-31
0.202065,2026-02-07
0.075669,2026-01-12
0.096663,2025-12-06
0.247505,2025-10-21
0.422308,2026-01-11
0.030616,2026-01-23
0.201245,2025-11-28
0.477421,2026-01-24
0.393841,2025-11-22
0.018287,2025-10-04
0.377110,2026-01-01
0.179196,2025-11-11
0.034471,2026-01-19
0.429970,2025-09-07
0.279508,2026-01-07
0.096035,2025-08-25
0.088477,2025-09-13
0.011101,2025-12-31
0.066324,2025-11-01
0.086866,2025-12-01
0.195912,2026-02-08
0.113320,2025-11-26
0.032413,2025-10-08
0.154179,2025-12-25
0.479656,2025-12-31
0.215405,2025-12-26
0.126153,2025-09-15
0.354409,2025-10-21
0.150877,2026-01-14
0.382749,2025-09-25
0.481761,2025-11-06
0.414506,2025-12-31
0.342739,2025-12-28
0.278338,2025-10-15
0.044252,2025-10-30
0.272558,2025-09-05
0.040214,2026-01-04
0.175125,2026-01-13
0.163008,2025-11-21
0.405301,2025-11-24
0.415159,2026-01-01
0.096209,2025-10-05
0.349167,2025-09-08
0.449872,2025-09-27
0.315286,2025-08-24
0.411170,2025-09-26
0.278281,2025-12-16
0.092241,2026-01-25
0.494337,2025-10-20
0.065582,2025-11-15
0.461306,2025-08-18
0.322391,2025-09-28
0.457722,2025-12-15
0.219204,2025-10-13
0.108612,2025-08-19
0.379807,2026-01-11
0.220534,2025-09-24
0.286908,2025-12-09
0.091177,2025-08-24
0.375140,2025-09-26
0.468180,2025-12-15
0.086642,2025-12-15
0.320160,2025-12-18
0.478975,2026-01-03
0.479338,2025-09-01
0.397332,2025-10-22
0.083634,2026-02-01
0.274968,2025-11-11
0.378599,2025-10-03
0.180610,2026-01-03
0.422906,2025-09-17
0.061764,2025-09-01
0.416818,2026-02-05
0.328545,2026-01-16
0.450864,2026-02-09
0.006437,2025-12-02
0.137754,2025-11-27
0.152350,2026-01-17
0.353380,2026-01-01
0.111984,2025-12-27
0.030330,2026-01-05
0.477005,2026-01-06
0.345670,2025-09-25
0.334745,2025-11-07
0.462935,2025-10-04
0.027858,2025-12-22
0.492200,2025-11-25
0.385945,2025-09-12
0.133539,2026-01-13
0.424117,2025-12-17
0.179288,2025-11-25
0.496983,2025-08-18
0.269019,2025-10-03
0.434956,2026-01-22
0.342632,2025-12-09
0.086594,2026-01-12
0.199389,2026-02-03
0.010103,2025-09-01
0.294636,2025-11-19
0.151817,2025-09-11
0.361316,2026-02-12
0.362076,2025-09-30
0.410091,2026-02-08
0.105092,2025-11-23
0.405012,2025-08-17
0.329029,2026-01-24
0.049124,2025-12-20
0.181365,2025-09-30
0.316407,2025-12-30
0.101689,2025-11-05
0.391297,2025-09-19
0.000332,2025-10-24
0.164358,2026-01-20
0.379411,2025-12-05
0.157727,2026-02-08
0.071535,2025-10-06
0.074092,2025-08-22
0.197000,2025-12-05
0.432814,2025-08-30
0.485484,2025-09-29
0.107732,2025-12-11
0.327419,2025-10-17
0.298398,2026-01-10
0.095496,2025-11-10
0.128103,2025-12-07
0.084958,2025-10-23
0.279865,2025-11-18
0.422399,2025-08-26
0.468247,2025-10-28
0.285563,2025-10-20
0.228536,2025-12-29
0.470819,2026-01-05
0.048610,2025-12-20
0.130483,2025-11-28
0.044652,2025-12-12
0.030695,2025-12-27
0.380134,2025-09-28
0.470454,2026-01-21
0.181988,2025-10-25
0.315778,2026-01-05
0.412953,2026-01-19
0.194096,2026-01-21
0.392676,2025-12-24
0.189562,2025-10-08
0.408103,2025-12-22
0.292460,2025-11-05
0.157656,2025-11-29
0.344140,2025-10-03
0.206919,2026-01-27
0.057725,2026-01-11
0.337942,2025-11-14
0.175157,2025-08-30
0.481377,2025-09-07
0.409260,2025-09-02
0.471345,2025-11-14
0.317333,2025-12-23
0.351528,2025-12-28
0.111411,2026-01-21
0.474178,2025-12-25
0.348786,2025-09-27
0.293373,2025-09-13
0.104033,2025-10-23
0.178015,2025-12-09
0.146092,2025-12-23
0.168568,2025-10-30
0.046880,2026-01-18
0.160070,2026-02-06
0.460265,2025-12-14
0.221032,2025-11-18
0.112588,2026-02-06
0.271698,2025-11-07
0.408554,2025-08-19
0.367073,2025-10-19
0.172544,2025-09-07
0.282309,2026-02-04
0.062737,2025-12-27
0.142034,2025-09-04
0.161149,2026-02-11
0.381899,2025-10-07
0.226749,2025-11-21
0.017251,2025-10-15
0.177874,2025-12-26
0.008258,2025-09-15
0.106402,2025-12-13
0.046901,2026-01-29
0.380496,2025-12-13
0.446049,2025-08-27
0.436379,2026-02-11
0.362241,2026-01-20
0.350601,2025-11-20
0.190401,2025-12-24
0.183517,2025-10-06
0.238697,2026-01-22
0.273331,2025-09-29
0.061504,2025-12-20
0.006694,2025-11-02
0.408969,2026-02-01
0.072421,2026-01-17
0.135800,2025-10-03
0.342917,2025-08-17
0.206164,2025-12-14
0.108823,2025-11-09
0.146709,2026-01-19
0.290210,2025-11-04
0.438028,2025-12-23
0.378167,2025-10-19
0.448466,2025-09-03
0.399780,2025-10-22
0.126461,2026-01-14
0.416146,2025-09-28
0.131096,2026-01-25
0.490843,2026-02-04
0.346195,2026-01-24
0.075250,2025-11-21
0.448443,2026-01-02
0.339649,2025-11-17
0.274408,2025-09-07
0.430808,2025-11-17
0.097864,2025-09-25
0.481493,2025-10-05
0.045470,2025-10-22
0.452682,2025-08-23
0.495110,2026-01-21
0.350200,2026-01-28
0.077757,2025-10-10
0.374074,2025-12-19
0.125777,2026-02-05
0.385254,2025-12-31
0.230133,2026-01-06
0.218608,2025-12-28
0.493873,2026-01-20
0.314600,2025-11-23
0.004802,2025-09-17
0.299900,2026-02-01
0.156742,2026-02-07
0.482725,2026-01-05
0.307533,2025-08-29
0.361691,2026-02-04
0.341955,2025-10-03
0.285311,2025-10-02
0.342189,2026-02-08
0.184207,2025-08-27
0.060609,2025-12-03
0.437181,2026-02-07
0.265513,2025-09-10
0.104163,2025-09-03
0.369681,2025-10-01
0.136387,2025-08-20
0.374934,2026-01-10
0.005798,2025-10-08
0.306610,2025-12-27
0.285943,2025-10-04
0.472230,2025-09-28
0.036266,2025-09-01
0.410329,2025-09-09
0.435569,2026-01-25
0.306511,2025-12-08
0.488200,2026-01-24
0.447076,2025-10-17
0.178277,2025-11-09
0.324850,2025-12-03
0.467139,2025-11-05
0.236614,2025-09-20
0.046360,2025-12-15
0.302467,2025-12-14
0.318832,2025-10-27
0.191386,2025-11-08
0.334872,2025-08-24
0.462555,2026-01-03
0.403869,2025-12-10
0.004868,2026-01-10
0.087636,2025-11-05
0.078233,2025-10-17
0.085901,2025-10-18
0.091038,2025-11-15
0.060455,2026-01-12
0.205290,2026-01-20
0.095488,2025-11-19
0.222671,2025-10-05
0.475076,2025-09-14
0.438536,2025-12-07
0.039289,2025-12-28
0.052702,2025-10-29
0.102428,2025-10-07
0.093320,2025-09-22
0.028910,2025-12-11
0.438695,2026-01-24
0.277367,2025-09-11
0.158727,2025-11-24
0.106443,2026-02-12
0.175175,2026-02-03
0.254275,2025-12-03
0.456884,2025-10-17
0.079586,2025-11-15
0.439606,2025-09-27
0.270332,2026-01-29
0.452913,2025-12-27
0.351410,2025-09-27
0.449973,2025-12-05
0.429027,2025-11-10
0.259654,2025-11-18
0.467468,2025-08-22
0.488074,2025-10-13
0.429005,2026-02-03
0.307057,2025-11-07
0.321002,2025-11-10
0.199045,2025-11-02
0.201819,2026-01-12
0.079540,2026-01-05
0.463171,2026-01-31
0.417945,2026-01-07
0.420793,2026-01-28
0.276996,2025-09-05
0.005953,2025-11-29
0.082607,2025-08-20
0.040972,2025-11-19
0.495419,2026-01-12
0.361775,2025-10-14
0.234495,2025-11-29
0.266987,2026-01-27
0.284699,2025-10-13
0.077233,2025-09-05
0.240292,2025-10-15
0.149908,2025-09-04
0.108499,2026-02-08
0.104244,2025-10-29
0.252160,2025-09-11
0.437231,2026-01-23
0.162584,2026-01-01
0.341884,2025-10-11
0.303776,2025-10-24
0.056205,2025-09-22
0.359189,2025-09-18
0.243763,2025-12-30
0.365767,2025-10-09
0.376031,2025-12-19
0.417447,2025-10-04
0.468919,2025-11-01
0.489273,2025-10-04
0.393480,2025-09-28
0.447698,2026-02-06
0.250696,2025-11-08
0.090351,2025-12-07
0.282817,2025-09-14
0.173900,2025-09-29
0.453256,2025-09-06
0.251562,2025-09-20
0.059285,2025-08-31
0.244215,2025-11-02
0.239228,2025-12-24
0.447314,2026-01-05
0.382948,2025-09-23
0.046135,2025-12-09
0.244067,2025-09-24
0.418560,2025-12-28
0.071075,2025-12-12
0.217065,2026-02-01
0.045562,2025-09-02
0.086225,2025-08-27
0.215699,2026-02-04
0.086384,2025-10-17
0.371709,2025-11-05
0.494244,2025-09-07
0.349096,2026-01-28
0.223902,2025-09-04
0.130063,2025-11-05
0.070065,2025-08-23
0.430417,2025-11-25
0.077593,2026-01-03
0.092200,2025-08-17
0.423654,2026-01-10
0.311944,2025-12-02
0.481868,2026-01-04
0.022028,2025-10-24
0.244192,2025-10-26
0.098103,2025-10-30
0.421695,2025-10-01
0.499175,2025-12-02
0.318137,2026-01-01
0.275230,2026-01-04
0.194857,2025-11-28
0.049674,2025-10-07
0.362197,2026-01-01
0.466464,2026-01-03
0.299084,2025-12-22
0.141565,2025-09-03
0.361102,2025-10-26
0.032375,2025-11-08
0.042467,2025-11-03
0.403986,2025-09-30
0.044480,2025-11-15
0.199378,2025-10-28
0.311598,2025-11-08
0.335214,2025-12-31
0.003142,2025-11-29
0.357099,2025-12-24
0.161911,2025-08-25
0.353467,2025-09-01
0.259934,2025-10-27
0.396862,2025-11-09
0.271165,2025-11-21
0.189793,2025-11-06
0.166741,2025-09-08
0.164450,2025-10-10
0.442305,2026-01-25
0.156817,2025-11-29
0.450171,2025-11-20
0.009079,2025-12-31
0.145004,2025-12-29
0.352458,2025-11-14
0.349755,2025-12-20
0.390339,2026-01-12
0.270135,2026-01-02
0.003355,2025-09-09
0.199926,2025-09-25
0.181860,2025-10-25
0.098819,2025-08-25
0.422732,2025-11-30
0.179349,2025-08-18
0.181895,2025-10-29
0.459409,2025-11-28
0.362420,2025-10-25
0.117598,2025-09-21
0.486641,2025-09-22
0.385123,2025-09-15
0.253572,2025-12-05
0.022179,2026-02-08
0.041521,2025-10-07
0.000536,2025-10-05
0.172375,2025-09-07
0.494284,2025-12-30
0.026405,2025-09-05
0.117981,2026-02-04
0.385922,2026-01-28
0.052865,2025-10-12
0.309346,2026-02-03
0.258170,2025-11-15
0.265423,2025-08-25
0.365793,2025-09-30
0.439232,2025-09-28
0.188247,2025-10-03
0.216554,2025-09-16
0.418670,2026-02-08
0.139900,2025-09-15
0.419849,2025-11-10
0.364769,2025-09-02
0.043943,2026-01-06
0.075655,2025-09-16
0.091843,2025-11-24
0.059265,2026-01-25
0.255448,2026-01-10
0.256091,2026-01-22
0.210586,2025-12-11
0.282728,2026-01-19
0.101207,2025-12-15
0.084670,2025-09-16
0.205943,2025-09-18
0.214216,2025-10-03
0.278493,2026-01-11
0.076042,2025-09-10
0.455814,2025-11-14
0.388231,2025-10-15
0.183529,2025-11-15
0.227241,2025-10-17
0.141104,2025-09-02
0.191919,2026-01-07
0.303817,2025-09-30
0.189251,2025-10-11
0.387946,2025-08-28
0.142480,2025-11-06
0.135859,2026-01-28
0.378468,2025-12-21
0.385046,2025-10-07
0.203901,2025-12-20
0.256374,2025-11-28
0.366629,2025-12-09
0.499314,2026-01-29
0.207787,2025-12-26
0.431439,2025-12-02
0.071351,2025-10-01
0.324359,2025-09-07
0.398196,2025-11-30
0.043127,2025-11-28
0.455459,2025-10-19
0.268273,2026-01-23
0.492810,2025-10-02
0.100809,2025-12-15
0.103680,2025-09-28
0.496738,2026-01-20
0.333561,2025-12-27
0.233814,2025-08-19
0.208682,2025-09-14
0.141430,2025-11-22
0.268750,2025-08-20
0.181812,2026-01-30
0.033784,2025-09-05
0.018319,2025-11-03
0.095027,2025-12-11
0.309724,2025-10-20
0.403487,2025-09-24
0.062267,2026-01-17
0.310331,2025-11-23
0.428406,2025-12-27
0.127121,2026-01-26
0.212777,2025-10-20
0.157414,2025-08-25
0.009173,2025-11-04
0.461683,2026-02-04
0.002210,2025-12-29
0.438538,2025-09-20
0.311183,2025-12-29
0.174724,2025-09-28
0.234574,2025-11-12
0.283614,2025-12-26
0.058368,2025-09-07
0.037455,2026-02-11
0.014933,2025-10-08
0.325995,2025-12-30
0.469617,2026-02-09
0.064975,2025-11-18
0.152130,2025-11-26
0.254006,2025-12-01
0.308966,2025-12-16
0.180560,2025-11-09
0.464693,2025-09-26
0.165274,2025-09-25
0.309165,2026-01-22
0.027986,2025-11-23
0.251295,2025-08-17
0.366457,2025-09-25
0.199576,2026-02-09
0.433249,2025-09-06
0.193006,2025-11-14
0.399543,2025-09-17
0.436877,2025-08-30
0.248334,2025-09-24
0.106425,2026-02-07
0.112164,2025-09-04
0.402734,2025-10-04
0.191323,2026-01-03
0.215333,2026-01-07
0.228761,2025-10-30
0.227508,2025-10-13
0.125910,2025-11-05
0.469451,2025-12-05
0.096862,2025-09-20
0.445441,2025-08-20
0.221580,2025-12-20
0.208989,2025-11-24
0.429210,2025-09-02
0.442638,2025-09-30
0.492907,2025-12-08
0.247869,2025-09-18
0.365405,2025-12-12
0.210836,2026-01-30
0.481952,2025-10-12
0.129764,2025-08-30
0.206699,2025-12-19
0.035042,2025-11-16
0.498246,2026-01-06
0.183424,2026-01-22
0.322013,2025-09-18
0.472418,2025-11-03
0.137650,2025-12-02
0.161886,2025-09-11
0.000747,2025-09-11
0.498368,2026-01-16
0.058816,2025-12-19
0.371857,2025-12-03
0.289063,2025-12-12
0.421331,2025-11-09
0.179621,2025-08-23
0.174205,2026-01-31
0.058365,2025-08-30
0.494335,2025-10-25
0.454710,2025-11-05
0.054136,2026-01-02
0.199181,2026-02-11
0.001515,2025-10-21
0.435409,2025-09-24
0.310451,2025-12-08
0.114967,2025-11-22
0.418125,2025-10-01
0.264912,2026-01-20
0.173484,2025-09-24
0.380734,2025-09-21
0.338095,2025-12-04
0.129953,2025-09-16
0.134069,2025-11-01
0.470397,2026-01-27
0.019380,2025-10-06
0.402783,2026-02-11
0.117911,2025-12-22
0.026001,2025-12-24
0.203006,2025-11-07
0.499235,2026-01-03
0.462150,2025-11-03
0.127729,2025-12-02
0.349925,2025-08-27
0.234792,2025-12-21
0.075840,2025-10-01
0.453812,2025-11-01
0.426966,2025-11-28
0.337028,2025-12-29
0.337308,2025-12-29
0.063441,2026-01-18
0.123913,2025-10-03
0.064682,2025-10-03
0.116999,2025-12-23
0.198297,2025-09-11
0.344214,2025-11-27
0.393797,2025-11-06
0.236241,2025-12-27
0.261194,2025-11-09
0.233152,2025-12-19
0.209774,2025-10-01
0.296612,2025-12-30
0.421007,2025-08-23
0.079872,2025-11-29
0.392719,2025-10-15
0.113742,2026-01-24
0.132375,2025-12-24
0.176300,2026-01-30
0.381212,2025-12-17
0.048052,2026-01-22
0.252526,2026-01-31
0.244936,2025-11-02
0.412484,2025-09-17
0.215023,2025-11-22
0.447770,2025-09-12
0.180912,2025-08-30
0.117465,2025-10-06
0.240684,2025-11-11
0.153170,2026-01-15
0.378017,2025-09-13
0.276631,2025-10-25
0.086446,2025-08-30
0.347605,2025-10-27
0.268076,2025-11-16
0.313400,2026-01-01
0.447122,2026-01-04
0.455765,2025-09-19
0.372771,2025-12-19
0.069169,2025-12-08
0.457149,2026-01-12
0.363274,2025-11-06
0.106342,2025-10-04
0.033510,2026-01-19
0.096261,2025-09-23
0.338494,2025-09-10
0.205675,2025-10-30
0.005630,2026-02-01
0.001098,2025-09-18
0.009080,2025-09-11
0.421676,2025-09-07
0.349876,2025-09-16
0.292360,2025-12-28
0.016443,2025-08-19
0.467367,2025-09-20
0.070732,2025-12-16
0.439444,2025-12-21
0.214076,2025-09-26
0.173402,2025-10-24
0.499377,2026-01-13
0.039583,2025-12-26
0.214764,2025-08-30
0.390143,2025-09-25
0.027077,2026-02-04
0.148612,2025-08-19
0.247280,2026-01-25
0.148887,2025-11-19
0.253025,2025-12-07
0.398680,2025-10-14
0.360239,2025-08-31
0.445920,2025-08-25
0.385233,2025-12-12
0.145960,2025-12-03
0.390018,2025-12-15
0.268925,2025-09-09
0.285877,2025-10-01
0.149551,2025-12-28
0.068831,2026-02-01
0.350235,2025-08-27
0.289826,2025-12-03
0.255359,2026-01-30
0.029543,2025-12-16
0.476650,2025-09-06
0.188778,2025-12-11
0.104934,2025-09-19
0.283463,2025-12-11
0.325723,2025-11-05
0.269765,2025-12-07
0.268149,2025-09-06
0.366968,2025-08-26
0.218510,2025-12-17
0.474606,2025-11-01
0.353018,2025-09-25
0.370836,2025-08-25
0.139789,2025-08-30
0.218650,2025-10-09
0.212928,2025-09-13
0.007219,2026-01-05
0.022358,2025-11-12
0.131157,2025-10-19
0.164599,2025-12-17
0.394661,2026-01-16
0.058913,2025-10-21
0.173960,2025-09-10
0.420524,2025-10-26
0.467682,2025-10-27
0.095250,2025-09-02
0.447408,2025-11-18
0.025290,2025-12-19
0.305580,2025-10-10
0.230281,2025-10-28
0.454548,2026-01-07
0.405529,2025-08-28
0.269028,2025-08-18
0.021982,2025-11-29
0.271420,2025-10-17
0.234427,2025-10-14
0.096408,2025-11-06
0.311574,2025-12-28
0.014204,2025-11-06
0.360193,2026-01-27
0.194348,2025-10-26
0.473054,2026-01-07
0.368572,2026-01-23
0.365899,2026-01-03
0.485665,2025-11-19
0.278214,2026-01-23
0.497295,2026-02-04
0.172754,2025-12-06
0.327778,2025-09-08
0.304725,2025-10-23
0.140029,2025-12-07
0.074323,2025-10-16
0.392463,2026-01-22
0.143268,2025-10-22
0.484057,2025-11-02
0.300934,2025-08-29
0.094999,2026-02-10
0.385350,2026-01-25
0.173245,2025-10-11
0.173129,2025-12-13
0.452449,2025-08-23
0.429919,2025-11-09
0.037663,2025-09-21
0.367502,2026-01-24
0.033323,2025-08-25
0.150118,2025-09-07
0.439645,2026-01-07
0.483718,2025-11-20
0.373893,2025-08-29
0.395494,2025-12-01
0.141937,2025-09-08
0.392236,2026-01-10
0.412930,2025-08-30
0.336750,2025-08-29
0.103074,2026-01-13
0.340911,2026-01-07
0.128858,2025-10-16
0.160625,2025-09-11
0.150347,2025-10-16
0.187532,2025-10-22
0.124789,2025-10-05
0.166274,2025-10-09
0.386718,2025-12-22
0.359188,2026-01-08
0.482717,2025-09-01
0.415500,2026-01-07
0.165488,2025-12-27
0.116882,2025-10-27
0.196739,2026-01-12
0.477891,2025-10-03
0.186156,2025-08-17
0.020879,2025-12-24
0.371645,2025-10-02
0.058040,2025-10-04
0.011650,2025-08-19
0.302669,2025-10-08
0.344918,2026-02-11
0.461501,2025-09-03
0.250890,2025-12-01
0.111561,2025-09-26
0.163118,2025-11-17
0.024877,2025-11-03
0.059636,2025-09-06
0.481159,2025-11-05
0.462415,2025-09-02
0.178416,2025-10-28
0.229066,2026-01-19
0.141456,2025-10-15
0.148413,2026-02-06
0.037676,2025-11-06
0.213683,2026-02-09
0.365581,2025-12-27
0.303488,2026-01-13
0.182503,2026-01-03
0.209506,2026-02-02
0.417414,2025-11-30
0.023955,2025-09-30
0.414855,2025-10-08
0.386759,2026-01-31
0.257558,2025-10-15
0.255326,2025-09-01
0.182257,2025-09-14
0.004621,2025-12-23
0.358183,2025-09-09
0.343839,2025-10-17
0.289068,2025-10-07
0.034319,2025-11-13
0.100082,2025-10-23
0.243855,2025-10-11
0.195883,2025-11-07
0.395233,2025-09-12
0.089077,2025-08-23
0.381788,2025-12-31
0.440775,2025-11-11
0.322341,2025-08-25
0.063835,2025-11-22
0.339828,2025-08-19
0.454915,2025-09-26
0.141051,2026-01-08
0.030082,2025-09-06
0.269057,2025-10-02
0.238528,2025-11-17
0.431955,2025-09-13
0.121268,2025-08-30
0.403276,2025-12-21
0.279969,2025-12-06
0.442781,2025-10-14
0.292099,2025-10-10
0.294294,2025-10-11
0.132294,2025-12-22
0.197667,2025-09-21
0.083754,2025-08-24
0.328604,2026-01-05
0.462891,2025-10-10
0.489460,2025-10-27
0.427665,2025-11-20
0.374712,2025-10-26
0.266089,2025-08-27
0.106435,2025-09-25
0.157774,2025-12-29
0.469906,2025-10-25
0.277294,2026-01-10
0.224438,2025-11-09
0.476353,2026-01-24
0.416728,2026-02-04
0.140620,2025-10-08
0.005223,2025-10-25
0.078785,2025-09-19
0.006556,2025-12-24
0.004392,2025-10-12
0.296989,2025-12-04
0.305119,2025-09-17
0.034957,2025-10-13
0.282927,2025-12-08
0.285805,2025-09-11
0.314434,2026-02-05
0.195022,2025-12-10
0.262249,2025-12-11
0.440123,2026-01-31
0.311499,2025-09-03
0.014445,2026-01-03
0.371823,2025-12-23
0.457186,2025-09-20
0.163679,2025-09-29
0.024143,2025-09-15
0.008944,2026-01-22
0.021260,2026-01-21
0.329380,2026-01-07
0.058729,2025-11-01
0.106724,2025-10-14
0.382330,2025-12-11
0.347688,2025-12-17
0.477812,2026-02-04
0.006405,2026-01-05
0.496103,2026-02-10
0.488843,2025-09-30
0.063475,2025-11-24
0.304049,2026-01-14
0.269988,2025-12-21
0.288427,2025-11-01
0.017087,2025-08-30
0.454219,2025-11-29
0.005252,2025-12-21
0.468416,2025-09-25
0.208030,2025-12-16
0.104382,2025-09-13
0.497826,2025-10-21
0.304217,2025-10-31
0.368988,2025-08-29
0.333666,2026-01-25
0.066271,2025-10-09
0.210880,2025-11-21
0.298129,2025-09-01
0.456256,2025-11-08
0.341197,2025-10-02
0.431893,2025-10-01
0.297187,2025-11-17
0.471153,2026-01-14
0.416510,2025-09-20
0.478988,2025-10-10
0.174114,2026-01-27
0.256530,2025-08-17
0.267951,2025-11-25
0.272497,2025-10-07
0.220922,2025-12-02
0.384483,2025-10-21
0.246417,2025-10-21
0.155261,2025-10-25
0.178049,2025-09-11
0.343711,2025-08-22
0.251715,2025-09-16
0.159130,2025-10-24
0.096708,2026-01-01
0.087879,2026-01-09
0.132048,2025-11-12
0.375702,2026-01-08
0.302570,2025-11-06
0.480591,2025-09-03
0.004821,2026-01-18
0.125744,2025-08-20
0.463967,2025-11-12
0.155867,2026-01-08
0.496524,2026-02-12
0.226638,2026-01-26
0.181069,2025-10-09
0.034700,2025-11-16
0.057199,2025-11-30
0.035257,2025-12-13
0.362568,2026-01-07
0.077242,2026-01-06
0.278206,2025-08-23
0.346479,2025-11-06
0.462905,2025-11-23
0.289356,2025-09-14
0.008534,2025-11-27
0.114243,2026-02-06
0.326318,2025-09-24
0.033972,2025-11-19
0.162571,2025-12-10
0.347178,2026-01-09
0.093999,2025-11-04
0.401308,2025-09-04
0.030666,2025-08-21
0.047328,2026-01-29
0.497982,2025-12-15
0.242013,2026-01-07
0.451679,2025-08-19
0.461425,2026-01-31
0.085512,2025-10-01
0.316063,2025-12-16
0.333960,2025-10-05
0.024061,2025-08-22
0.255429,2025-12-31
0.321579,2025-09-11
0.264381,2025-12-11
0.421195,2026-02-07
0.444235,2025-09-15
0.078216,2025-09-21
0.236133,2026-01-17
0.423749,2025-12-24
0.042644,2026-01-12
0.265836,2025-11-26
0.295715,2025-09-25
0.021679,2025-08-30
0.365219,2026-02-06
0.107854,2025-09-27
0.070556,2026-01-23
0.018448,2026-01-17
0.084426,2025-08-25
0.127906,2025-12-05
0.410328,2026-01-28
0.090398,2026-02-11
0.356704,2025-11-16
0.318807,2025-12-14
0.397822,2026-01-19
0.212690,2025-09-02
0.234472,2025-11-23
0.458594,2025-11-09
0.296264,2026-02-04
0.300196,2025-12-18
0.014917,2025-08-21
0.246059,2026-01-13
0.168024,2026-01-02
0.100881,2025-10-06
0.266413,2025-08-24
0.038408,2025-12-09
0.118223,2026-02-12
0.103504,2026-02-01
0.001722,2025-11-23
0.458522,2025-12-15
0.171495,2025-12-20
0.015401,2025-08-27
0.159838,2025-09-27
0.216037,2026-01-07
0.026097,2025-09-09
0.160551,2025-11-11
0.055117,2025-09-09
0.072539,2025-08-21
0.488393,2025-09-28
0.266558,2025-10-05
0.343377,2025-12-25
0.217626,2025-12-18
0.089136,2025-10-31
0.021650,2025-12-21
0.004965,2025-10-05
0.135168,2025-11-25
0.390315,2026-02-12
0.354023,2025-09-24
0.493959,2025-11-20
0.278484,2025-11-02
0.348947,2025-11-22
0.020790,2025-10-24
0.044657,2025-11-18
0.027070,2025-10-20
0.104177,2026-01-24
0.297124,2025-11-17
0.059732,2025-11-07
0.445078,2025-11-14
0.071162,2026-02-07
0.489528,2025-12-27
0.283141,2026-01-27
0.356619,2025-09-20
0.000412,2025-09-29
0.059549,2025-11-13
0.339433,2025-09-29
0.420357,2025-09-02
0.371868,2025-10-11
0.347565,2025-09-26
0.151538,2025-09-09
0.363885,2025-11-11
0.432736,2025-09-04
0.058300,2025-09-12
0.252624,2026-01-30
0.026407,2025-11-10
0.248612,2026-01-01
0.236424,2025-09-22
0.104262,2025-08-24
0.221049,2025-09-06
0.345327,2025-09-03
0.028960,2025-11-13
0.333313,2025-09-28
0.133787,2025-08-26
0.198071,2025-10-15
0.288699,2025-10-27
0.212732,2026-01-04
0.128507,2026-01-10
0.041934,2025-12-29
0.290132,2025-09-29
0.304690,2026-02-06
0.040807,2025-10-10
0.234756,2025-08-22
0.463426,2025-12-16
0.196310,2025-10-24
0.092282,2026-01-14
0.282073,2025-12-11
0.218191,2025-12-30
0.185133,2025-11-24
0.414729,2025-10-21
0.320900,2025-12-11
0.380605,2025-09-22
0.259604,2025-10-06
0.099139,2025-09-02
0.484990,2025-09-24
0.063075,2025-10-02
0.287575,2026-02-07
0.312030,2025-11-14
0.420211,2025-11-18
0.370718,2025-09-12
0.281067,2025-10-08
0.078437,2025-09-11
0.476034,2025-09-15
0.185092,2025-10-30
0.136005,2025-10-14
0.330097,2025-12-29
0.027298,2025-10-25
0.061588,2025-08-30
0.114046,2025-12-04
0.239201,2025-09-01
0.109860,2026-01-12
0.375155,2025-10-03
0.192340,2025-11-10
0.120178,2026-01-07
0.427200,2026-01-12
0.196429,2025-11-07
0.116511,2025-08-27
0.239570,2025-08-22
0.032354,2025-10-31
0.254194,2025-08-25
0.076933,2025-08-21
0.188432,2026-01-07
0.042227,2025-12-18
0.247351,2025-10-01
0.374222,2025-12-22
0.011477,2026-02-08
0.464075,2025-12-30
0.289377,2025-09-03
0.029357,2025-08-29
0.263850,2026-01-05
0.364279,2025-09-21
0.482749,2026-02-06
0.279268,2026-01-12
0.081817,2025-08-29
0.497385,2025-12-26
0.311376,2025-09-07
0.071953,2025-10-23
0.165928,2025-09-11
0.316594,2026-01-23
0.323988,2025-10-11
0.170005,2026-01-08
0.482548,2025-11-02
0.083427,2026-01-06
0.218791,2025-11-13
0.109648,2025-08-29
0.412965,2025-10-15
0.403942,2025-11-29
0.388924,2026-01-28
0.166820,2025-10-06
0.293212,2026-02-09
0.081724,2026-02-01
0.266208,2025-09-05
0.296135,2026-02-05
0.447123,2026-02-10
0.440196,2026-01-17
0.157256,2026-02-05
0.316236,2025-12-30
0.437426,2025-08-26
0.049946,2025-09-02
0.492395,2025-09-09
0.314210,2026-02-12
0.237756,2025-09-02
0.379198,2025-10-17
0.029257,2025-12-07
0.401162,2026-01-14
0.478110,2025-09-29
0.344234,2026-01-04
0.253187,2025-11-21
0.351129,2025-12-10
0.251053,2025-09-05
0.047943,2025-09-16
0.480455,2025-09-11
0.208868,2025-09-29
0.016661,2026-01-16
0.165357,2025-09-21
0.439866,2025-09-02
0.080376,2025-10-08
0.428378,2025-12-16
0.494978,2025-12-24
0.273471,2026-01-16
0.464772,2025-10-20
0.484504,2025-08-19
0.496298,2025-10-25
0.145587,2025-08-20
0.483687,2025-12-03
0.044124,2025-11-03
0.183577,2025-10-13
0.023960,2025-08-23
0.303089,2025-10-18
0.148812,2025-10-13
0.482611,2025-09-12
0.282687,2025-09-27
0.152884,2025-09-08
0.251593,2025-11-07
0.367902,2025-11-28
0.422240,2025-12-08
0.038717,2026-02-06
0.085842,2026-02-04
0.306732,2025-10-10
0.133137,2025-11-27
0.491799,2025-11-18
0.237260,2025-09-02
0.471312,2025-11-13
0.178996,2025-12-05
0.419191,2025-11-26
0.149009,2025-11-10
0.021905,2025-10-06
0.077736,2025-10-17
0.255618,2026-02-06
0.195369,2026-01-05
0.347236,2026-01-09
0.380907,2026-01-24
0.339585,2026-01-13
0.287673,2025-10-08
0.297038,2026-01-09
0.157093,2026-01-13
0.385168,2025-09-10
0.270652,2026-01-22
0.018589,2026-01-05
0.165936,2025-11-11
0.034027,2026-02-01
0.351312,2025-11-13
0.018036,2026-01-01
0.287012,2025-08-24
0.300980,2025-11-05
0.224320,2025-09-12
0.160899,2025-11-24
0.194567,2025-12-06
0.226790,2026-01-16
0.126376,2025-10-23
0.279987,2025-08-27
0.206065,2025-10-07
0.046925,2025-09-11
0.323953,2026-02-09
0.223751,2025-09-10
0.227578,2025-09-28
0.481069,2025-09-09
0.454697,2025-12-24
0.263057,2025-09-12
0.481679,2026-02-09
0.194162,2025-12-13
0.129344,2025-11-19
0.179969,2025-12-12
0.316185,2026-01-11
0.286983,2025-09-22
0.067030,2026-01-13
0.092025,2025-09-28
0.406421,2025-11-22
0.177359,2026-01-09
0.333107,2025-09-28
0.285697,2025-09-01
0.187772,2025-12-08
0.299172,2025-08-26
0.180552,2025-09-15
0.351367,2025-10-02
0.403875,2025-09-26
0.397969,2026-01-24
0.220883,2026-01-13
0.309831,2025-08-31
0.419145,2025-12-14
0.018441,2025-11-06
0.071657,2025-11-23
0.322719,2025-10-18
0.040489,2025-10-25
0.342508,2025-12-04
0.177248,2025-09-17
0.113280,2026-01-23
0.192640,2025-10-12
0.020839,2025-08-19
0.027943,2025-08-31
0.176850,2025-11-27
0.107288,2026-02-03
0.050605,2025-09-26
0.301812,2026-01-21
0.085158,2025-09-08
0.464612,2025-09-05
0.496808,2026-02-07
0.356016,2025-11-01
0.126902,2025-10-14
0.302117,2025-09-23
0.170492,2025-10-10
0.375696,2026-02-01
0.429094,2025-10-21
0.306204,2025-09-06
0.336064,2025-09-15
0.098985,2025-11-29
0.389455,2025-08-29
0.087899,2025-11-05
0.050453,2025-08-19
0.315977,2026-01-21
0.455619,2025-11-29
0.134188,2025-10-28
0.066246,2025-09-22
0.225786,2025-08-30
0.321775,2025-10-02
0.355404,2025-12-07
0.114634,2025-12-01
0.374296,2025-09-30
0.267591,2025-10-11
0.035185,2025-12-12
0.450100,2026-01-31
0.059218,2025-12-16
0.487720,2025-08-24
0.298730,2026-02-12
0.296612,2025-09-24
0.448572,2025-11-24
0.275274,2025-12-30
0.067594,2025-12-29
0.096189,2025-10-13
0.464522,2025-10-07
0.466564,2025-10-26
0.296779,2025-10-06
0.267049,2025-12-09
0.247581,2025-08-22
0.249832,2025-11-15
0.404436,2025-08-17
0.204384,2025-10-12
0.203194,2025-09-03
0.458012,2025-12-01
0.235993,2025-08-26
0.056826,2025-10-04
0.149944,2026-01-28
0.283923,2025-11-22
0.385864,2026-01-15
0.343685,2025-08-30
0.291541,2026-01-03
0.146665,2025-09-02
0.167749,2025-09-07
0.473981,2025-12-18
0.103276,2025-12-23
0.190657,2025-09-18
0.270832,2025-12-28
0.362454,2026-01-14
0.138021,2025-11-11
0.217359,2026-01-25
0.158105,2026-01-29
0.355703,2025-10-15
0.192368,2025-10-27
0.385331,2025-09-15
0.221790,2025-09-24
0.455361,2026-01-19
0.233067,2025-12-19
0.303928,2025-10-29
0.184388,2025-10-03
0.323782,2025-11-23
0.429134,2025-10-03
0.033888,2026-01-07
0.093357,2025-10-14
0.120385,2025-08-17
0.342348,2025-09-16
0.258771,2025-09-23
0.192557,2025-12-23
0.200192,2025-11-02
0.393211,2025-10-13
0.476734,2025-09-08
0.497511,2025-11-03
0.164061,2025-10-03
0.419503,2025-12-08
0.490639,2025-08-26
0.227949,2025-10-11
0.064529,2025-09-27
0.428597,2025-09-28
0.284357,2025-08-23
0.019467,2025-12-20
0.011571,2026-02-01
0.272670,2025-12-31
0.162481,2025-12-08
0.445698,2026-01-19
0.055191,2025-08-20
0.046262,2025-11-27
0.348876,2025-12-17
0.438646,2025-10-04
0.018970,2025-11-19
0.184183,2026-01-24
0.069332,2025-11-02
0.137983,2025-12-20
0.194626,2025-12-07
0.041667,2025-12-07
0.449421,2025-12-10
0.173025,2025-11-04
0.207204,2025-11-21
0.269051,2025-11-08
0.172564,2025-12-26
0.065050,2026-01-08
0.410994,2025-09-01
0.016173,2025-12-03
0.459240,2025-10-25
0.047678,2025-12-10
0.208485,2025-11-06
0.035973,2025-09-27
0.253868,2025-10-09
0.237398,2026-01-02
0.461924,2025-11-05
0.077489,2026-01-17
0.306901,2025-08-31
0.126577,2025-12-24
0.053476,2025-11-25
0.053720,2025-11-11
0.340630,2025-12-27
0.016083,2025-12-15
0.073633,2026-01-05
0.221071,2025-08-25
0.062944,2025-09-05
0.132509,2025-10-12
0.187032,2025-12-21
0.431036,2025-08-26
0.147045,2025-12-22
0.262729,2025-11-22
0.275615,2025-11-05
0.410534,2025-10-09
0.348270,2025-11-27
0.015957,2025-11-17
0.028061,2025-10-02
0.012248,2025-09-20
0.499282,2025-10-17
0.257536,2025-09-01
0.295805,2025-10-04
0.153419,2025-09-22
0.449799,2026-01-08
0.192916,2025-10-06
0.370794,2025-11-07
0.192554,2025-09-07
0.454501,2026-01-31
0.014747,2025-09-13
0.434967,2025-09-03
0.185599,2025-10-15
0.166662,2026-01-30
0.481787,2025-11-16
0.480228,2025-12-07
0.442706,2025-09-24
0.152295,2025-11-03
0.494447,2025-09-27
0.460147,2026-02-12
0.496405,2025-09-13
0.138321,2025-09-29
0.024586,2025-10-18
0.371515,2025-11-06
0.278270,2025-11-18
0.325385,2025-11-06
0.022273,2025-08-27
0.395196,2025-08-19
0.308876,2025-12-15
0.304610,2025-09-06
0.360174,2026-01-14
0.052152,2025-11-10
0.049714,2025-11-24
0.411888,2025-12-17
0.199920,2026-01-12
0.222884,2025-10-27
0.372214,2026-02-11
0.057450,2026-01-11
0.091856,2026-01-09
0.153216,2025-10-11
0.263243,2025-09-30
0.023931,2025-10-25
0.286106,2025-12-20
0.382633,2025-12-11
0.245941,2026-01-30
0.499069,2026-02-04
0.218567,2025-12-19
0.211355,2025-10-27
0.220554,2025-09-14
0.189733,2025-11-06
0.390809,2025-08-26
0.301380,2026-02-11
0.065556,2026-01-06
0.244551,2025-10-21
0.346160,2025-10-05
0.436431,2025-10-29
0.264166,2025-12-31
0.165008,2025-12-03
0.331909,2025-09-20
0.477269,2025-10-23
0.248759,2025-08-21
0.444931,2025-12-27
0.216425,2026-01-27
0.162545,2026-01-06
0.370461,2026-01-31
0.376799,2025-09-04
0.430386,2025-10-15
0.103848,2025-12-18
0.477706,2025-09-29
0.299197,2025-12-20
0.393550,2025-08-29
0.377649,2025-11-28
0.464767,2025-11-23
0.351455,2026-01-04
0.251799,2025-11-20
0.029611,2025-08-18
0.073872,2025-11-11
0.167563,2026-01-07
0.227158,2025-12-25
0.443863,2025-12-14
0.189178,2025-11-02
0.004894,2025-11-27
0.073144,2025-12-07
0.330440,2026-01-29
0.171935,2025-12-22
0.078266,2025-09-30
0.243650,2025-11-08
0.189947,2025-08-17
0.412389,2025-08-20
0.242155,2025-10-19
0.105085,2025-12-09
0.362131,2026-01-03
0.076763,2025-12-15
0.019124,2025-12-09
0.063259,2025-12-15
0.038014,2025-12-23
0.299093,2025-08-29
0.265831,2025-09-15
0.085503,2026-01-08
0.015959,2025-10-19
0.048242,2025-08-18
0.280410,2025-11-23
0.134521,2025-11-04
0.078364,2025-09-04
0.046866,2025-09-20
0.026211,2025-09-12
0.148220,2025-12-30
0.044328,2025-12-23
0.246192,2025-10-19
0.225824,2026-01-10
0.117552,2025-12-03
0.419622,2025-12-22
0.180367,2025-09-28
0.350959,2025-08-20
0.286851,2025-12-23
0.417310,2025-08-29
0.211609,2025-11-14
0.036186,2026-01-29
0.057022,2025-10-07
0.320838,2025-12-12
0.456702,2025-10-23
0.166593,2025-10-15
0.011305,2025-09-13
0.290057,2025-11-12
0.062445,2025-10-01
0.421449,2025-12-22
0.457891,2025-12-09
0.102616,2025-11-28
0.018696,2025-12-07
0.038715,2025-12-19
0.210211,2026-02-10
0.037518,2025-08-22
0.297840,2025-12-13
0.015027,2025-10-11
0.164275,2025-09-28
0.251886,2025-10-07
0.191533,2025-08-31
0.405263,2025-10-20
0.193764,2025-12-18
0.173932,2025-10-13
0.047064,2025-08-22
0.238996,2025-12-10
0.299224,2025-11-19
0.428928,2025-09-18
0.258218,2025-08-28
0.430729,2026-01-19
0.414370,2025-08-23
0.327134,2025-10-01
0.317062,2025-10-21
0.262634,2026-02-03
0.278088,2025-09-27
0.397486,2025-10-27
0.028991,2025-08-24
0.474910,2025-08-29
0.489483,2026-01-10
0.282179,2026-01-21
0.292614,2025-11-15
0.426487,2025-11-02
0.178181,2025-10-05
0.122807,2025-09-03
0.413924,2026-01-09
0.098248,2025-09-20
0.419251,2025-09-08
0.102030,2025-08-23
0.018762,2026-01-29
0.442854,2025-10-13
0.236397,2025-09-28
0.206511,2026-01-08
0.296619,2025-12-14
0.479256,2025-09-18
0.344271,2025-12-22
0.454789,2026-01-20
0.241719,2025-10-15
0.456065,2025-08-27
0.010241,2025-09-24
0.213360,2025-10-31
0.336673,2025-08-21
0.162617,2025-12-27
0.116596,2026-01-17
0.076717,2025-12-05
0.411461,2026-01-29
0.241559,2025-12-07
0.346222,2025-11-03
0.316108,2025-12-25
0.402703,2025-10-15
0.366375,2025-08-25
0.140010,2026-01-12
0.478545,2025-09-01
0.414340,2025-10-08
0.231241,2026-01-13
0.336195,2026-01-20
0.213080,2025-12-24
0.239716,2026-01-09
0.269893,2026-01-22
0.383317,2025-10-14
0.130156,2026-01-17
0.494908,2025-12-25
0.403876,2026-01-01
0.031814,2025-12-21
0.203576,2025-09-25
0.330787,2025-11-06
0.464285,2025-11-24
0.206889,2025-11-25
0.345590,2025-11-20
0.423151,2025-11-19
0.294187,2025-11-11
0.158563,2025-10-06
0.343396,2025-12-28
0.010089,2025-11-14
0.203378,2026-01-30
0.085927,2025-11-17
0.389855,2026-01-09
0.102503,2025-10-30
0.251191,2025-09-10
0.307074,2025-11-28
0.396392,2025-08-30
0.039318,2025-10-10
0.407174,2026-01-26
0.292141,2026-01-03
0.230486,2025-08-29
0.235757,2025-12-02
0.323879,2025-10-31
0.418297,2025-11-05
0.032697,2025-12-22
0.445634,2025-10-04
0.432386,2025-12-06
0.482377,2026-01-16
0.153294,2025-11-22
0.338779,2025-11-15
0.290395,2025-10-03
0.115221,2025-10-11
0.184031,2025-09-07
0.097292,2025-10-04
0.323568,2025-10-29
0.156925,2026-01-25
0.473826,2025-10-07
0.154190,2025-11-03
0.135865,2026-01-06
0.206861,2025-10-24
0.254243,2025-10-23
0.355971,2025-08-28
0.416333,2025-12-24
0.325418,2025-11-24
0.412747,2025-09-15
0.435574,2026-01-18
0.129999,2025-09-22
0.335482,2025-12-20
0.152595,2026-01-25
0.152330,2025-12-20
0.216569,2025-09-28
0.097064,2025-12-30
0.080637,2025-11-12
0.093834,2026-01-04
0.147984,2025-11-30
0.214907,2026-01-17
0.201339,2026-01-18
0.236727,2025-08-23
0.443909,2025-09-03
0.427272,2026-01-22
0.229452,2025-10-30
0.453233,2025-12-18
0.398862,2025-12-31
0.102290,2026-01-12
0.095382,2025-09-07
0.375737,2025-09-09
0.242056,2025-08-27
0.053712,2025-08-24
0.248840,2026-02-10
0.371781,2025-12-17
0.289248,2026-02-06
0.426107,2026-01-02
0.295061,2025-10-12
0.108936,2025-09-13
0.381368,2026-01-11
0.150588,2025-09-20
0.415669,2025-12-09
0.135620,2025-12-06
0.012861,2025-11-09
0.226437,2025-09-29
0.208795,2025-10-13
0.472275,2025-10-06
0.362594,2025-11-05
0.432009,2026-01-26
0.005871,2026-02-02
0.446190,2025-11-22
0.313245,2025-12-10
0.454958,2025-09-24
0.123093,2025-08-24
0.311133,2026-01-19
0.101506,2025-12-25
0.199202,2026-01-23
0.029339,2025-12-16
0.192387,2026-01-07
0.432494,2025-10-15
0.159606,2025-12-06
0.172601,2025-12-08
0.166078,2026-01-23
0.163471,2025-12-05
0.206673,2026-01-07
0.366220,2026-02-06
0.040012,2025-08-24
0.191181,2025-10-11
0.392047,2025-10-25
0.490730,2026-02-08
0.449265,2025-08-17
0.157180,2025-09-02
0.027875,2025-11-20
0.024136,2025-10-31
0.368897,2026-01-14
0.027369,2025-10-04
0.015336,2025-12-05
0.071791,2025-10-11
0.388870,2025-10-12
0.194227,2025-10-22
0.071268,2025-09-09
0.342866,2025-09-25
0.453783,2025-10-30
0.180806,2025-09-19
0.225996,2025-10-07
0.063902,2025-09-14
0.008103,2026-01-07
0.237447,2026-01-02
0.388718,2025-11-26
0.247288,2025-11-17
0.471728,2025-10-26
0.471467,2025-12-20
0.453655,2025-11-24
0.330899,2025-10-21
0.440934,2025-09-12
0.283303,2025-10-04
0.287121,2026-01-03
0.446816,2025-12-09
0.175916,2025-11-13
0.024433,2025-10-14
0.238200,2025-12-25
0.078009,2026-02-10
0.117648,2025-12-09
0.412315,2025-09-16
0.097562,2025-09-06
0.108589,2025-12-19
0.377351,2026-01-01
0.392994,2025-08-19
0.179270,2025-12-10
0.042651,2025-11-23
0.125813,2025-11-07
0.134282,2025-11-24
0.410760,2025-11-12
0.174976,2026-01-14
0.478169,2026-01-03
0.112853,2025-10-27
0.448325,2025-11-16
0.416763,2025-10-12
0.168345,2025-10-26
0.487894,2025-12-25
0.335093,2025-10-22
0.327472,2025-11-13
0.315512,2026-01-21
0.456612,2026-01-01
0.255068,2026-01-16
0.015880,2025-09-11
0.384701,2025-11-06
0.376302,2025-10-19
0.424302,2025-12-07
0.159060,2026-01-13
0.305040,2025-12-03
0.185030,2025-10-20
0.055630,2025-12-06
0.196679,2025-10-11
0.026963,2025-10-25
0.112042,2025-09-01
0.246834,2025-12-15
0.298538,2026-01-16
0.003600,2025-10-26
0.026634,2025-11-09
0.127328,2025-09-11
0.038197,2025-12-14
0.244571,2025-09-14
0.172188,2025-09-24
0.299790,2025-12-12
0.286875,2025-10-10
0.410875,2025-08-22
0.131928,2025-12-30
0.492451,2025-11-20
0.262981,2025-09-11
0.063140,2025-08-22
0.305176,2025-12-24
0.319686,2025-09-02
0.145065,2025-09-26
0.268576,2025-09-02
0.103661,2026-01-08
0.070477,2025-08-31
0.083520,2025-12-17
0.399258,2025-08-28
0.480381,2025-10-14
0.480684,2025-10-29
0.306524,2025-09-19
0.001827,2026-01-08
0.100021,2026-01-27
0.159226,2025-12-15
0.193948,2025-11-18
0.113248,2026-01-02
0.193066,2025-11-20
0.310713,2025-11-11
0.295092,2025-08-27
0.014592,2025-12-25
0.025467,2025-11-05
0.233126,2025-08-21
0.103176,2025-09-08
0.313907,2025-08-21
0.153510,2025-12-19
0.212204,2025-10-18
0.186800,2025-10-21
0.489621,2026-01-13
0.352290,2026-01-01
0.233280,2025-09-13
0.217278,2025-09-06
0.409564,2025-12-24
0.320743,2025-10-11
0.225737,2026-01-15
0.431941,2025-12-11
0.069958,2026-01-12
0.354520,2025-12-02
0.447099,2025-09-25
0.059504,2026-01-01
0.137264,2025-11-23
0.446406,2025-09-04
0.231199,2026-02-04
0.369363,2025-12-09
0.241440,2025-11-25
0.054859,2025-09-27
0.231591,2025-11-23
0.407564,2025-08-30
0.290728,2025-10-17
0.351231,2025-11-22
0.424257,2025-11-20
0.201351,2025-11-01
0.155762,2025-09-27
0.233264,2025-12-15
0.442257,2025-10-14
0.338685,2025-12-01
0.310214,2025-09-01
0.123328,2025-11-17
0.080673,2025-09-19
0.154062,2025-09-27
0.161014,2025-11-11
0.199637,2025-09-26
0.072446,2025-10-27
0.063235,2026-01-14
0.080569,2025-10-14
0.443094,2025-10-27
0.101147,2025-11-06
0.205431,2025-10-11
0.016480,2026-01-05
0.092495,2025-11-12
0.358514,2025-08-22
0.192271,2025-09-25
0.076689,2025-09-15
0.196822,2026-01-04
0.242789,2025-12-01
0.087638,2025-12-07
0.369145,2025-09-01
0.350116,2025-09-15
0.160525,2025-12-24
0.289927,2025-11-25
0.251754,2025-12-03
0.374553,2025-09-28
0.166147,2025-12-01
0.299927,2025-09-21
0.376001,2025-08-21
0.108584,2025-09-11
0.334208,2025-11-09
0.369247,2025-08-17
0.044170,2025-11-01
0.189053,2025-12-10
0.496758,2025-09-14
0.291934,2025-11-26
0.123417,2025-10-13
0.220849,2025-09-30
0.048302,2025-09-11
0.007177,2025-09-07
0.275250,2026-02-09
0.262825,2025-09-20
0.492849,2025-10-13
0.315139,2026-02-04
0.100478,2025-10-20
0.443718,2026-01-12
0.102551,2025-11-02
0.005731,2025-09-17
0.010811,2025-12-05
0.414158,2025-08-20
0.281326,2025-12-15
0.094791,2025-11-22
0.181392,2025-10-22
0.327596,2026-01-21
0.395642,2025-08-26
0.366210,2025-10-14
0.195316,2026-02-06
0.286564,2026-02-09
0.267195,2025-12-31
0.474878,2025-10-15
0.128148,2025-10-08
0.029617,2026-01-21
0.121573,2025-11-18
0.443103,2025-09-09
0.325935,2025-12-27
0.489158,2025-12-13
0.061364,2025-11-01
0.087068,2026-01-02
0.034938,2025-09-09
0.030069,2025-10-03
0.408890,2025-09-08
0.492147,2025-10-18
0.111323,2025-10-10
0.306759,2025-10-09
0.347706,2025-10-01
0.404991,2026-01-25
0.144250,2025-10-27
0.055794,2026-02-08
0.212541,2025-09-03
0.284917,2025-11-01
0.274933,2025-09-18
0.490025,2026-01-25
0.360586,2025-11-25
0.315308,2025-12-29
0.459162,2026-02-01
0.463369,2025-10-27
0.007428,2025-10-27
0.415786,2026-02-08
0.097201,2025-10-21
0.481270,2026-01-18
0.031444,2025-12-26
0.398975,2026-01-31
0.027973,2026-01-30
0.200846,2026-02-01
0.257774,2026-02-04
0.343997,2025-08-25
0.265997,2025-10-17
0.016007,2026-01-16
0.042343,2025-09-12
0.320899,2025-09-11
0.332387,2025-11-10
0.349142,2025-12-30
0.356793,2026-01-27
0.227330,2026-02-08
0.362724,2025-09-09
0.223501,2025-11-30
0.264514,2026-01-12
0.197919,2026-01-29
0.451016,2025-09-07
0.482384,2025-12-13
0.363062,2025-12-15
0.379786,2025-11-14
0.154299,2025-11-21
0.175570,2025-11-14
0.020028,2025-12-20
0.155425,2025-10-05
0.427796,2026-01-17
0.375530,2025-11-01
0.148780,2025-10-13
0.323086,2025-08-26
0.168174,2025-10-19
0.082970,2025-12-07
0.203606,2025-09-16
0.470625,2026-02-07
0.362169,2025-12-05
0.042969,2025-08-28
0.476516,2025-12-01
0.338282,2026-01-21
0.139401,2025-12-29
0.169579,2026-01-07
0.435186,2025-10-12
0.475268,2025-10-09
0.241298,2025-08-17
0.010294,2025-11-11
0.031608,2025-12-13
0.177974,2026-01-07
0.296882,2026-01-23
0.087560,2025-11-01
0.380472,2025-11-22
0.423895,2025-09-29
0.293064,2025-09-28
0.191635,2025-08-22
0.028684,2026-01-23
0.337433,2026-01-14
0.029125,2026-02-12
0.210910,2025-12-22
0.300949,2026-01-24
0.452054,2026-01-09
0.278978,2025-10-03
0.473518,2025-10-07
0.304822,2025-09-02
0.405118,2026-01-14
0.255770,2025-11-11
0.382974,2026-01-10
0.417829,2025-12-02
0.209919,2025-09-04
0.219949,2025-09-05
0.115527,2025-11-10
0.386940,2025-09-25
0.353379,2025-10-31
0.399650,2025-12-13
0.288735,2026-02-10
0.356437,2025-09-16
0.098175,2025-11-27
0.055437,2025-12-30
0.282026,2025-10-14
0.134608,2025-09-28
0.212736,2025-09-22
0.374404,2025-10-07
0.076140,2025-10-03
0.424248,2025-08-23
0.301576,2026-02-08
0.365158,2025-12-03
0.067664,2025-08-20
0.295346,2025-12-16
0.055728,2025-10-21
0.435654,2026-02-11
0.074282,2025-12-30
0.298471,2025-08-27
0.225990,2025-09-01
0.400337,2025-11-24
0.381009,2025-10-07
0.297358,2025-11-08
0.121864,2025-10-21
0.240272,2025-09-03
0.406841,2025-12-29
0.201244,2026-02-09
0.201017,2025-11-03
0.192854,2025-11-19
0.301032,2025-12-05
0.161287,2025-11-16
0.151402,2026-01-19
0.283626,2025-11-11
0.012634,2025-11-10
0.181846,2025-12-23
0.039546,2025-11-17
0.197831,2025-08-23
0.152669,2025-08-31
0.292467,2025-10-15
0.072472,2026-01-23
0.002380,2026-01-02
0.169912,2025-08-27
0.120434,2025-10-12
0.468853,2026-01-12
0.153265,2025-10-02
0.328955,2025-12-08
0.124335,2026-01-22
0.431922,2025-08-26
0.367993,2025-11-25
0.147870,2025-09-21
0.369824,2025-09-07
0.048947,2025-10-22
0.331369,2025-09-18
0.240425,2025-10-26
0.291495,2025-09-12
0.188752,2025-08-30
0.007742,2026-01-21
0.383557,2025-09-21
